"query","significant","p_value","term_size","query_size","intersection_size","precision","recall","term_id","source","p_adj","term_name","effective_domain_size","source_order","parents"
"hubs",FALSE,0.869920511106159,1,20,1,0.05,1,"GO:2001239","GO:BP",0.869920511106159,"regulation of extrinsic apoptotic signaling pathway in absence of ligand",42,25974,"GO:0097192,GO:2001236"
"hubs",FALSE,0.869920511106159,5,20,3,0.15,0.6,"GO:0034329","GO:BP",0.869920511106159,"cell junction assembly",42,8508,"GO:0022607,GO:0034330"
"hubs",FALSE,0.869920511106159,7,20,4,0.2,0.571428571428571,"GO:0034330","GO:BP",0.869920511106159,"cell junction organization",42,8509,"GO:0016043"
"hubs",FALSE,0.869920511106159,1,20,1,0.05,1,"GO:0034505","GO:BP",0.869920511106159,"tooth mineralization",42,8607,"GO:0031214,GO:0042476"
"hubs",FALSE,0.869920511106159,1,20,1,0.05,1,"GO:0061295","GO:BP",0.869920511106159,"regulation of mesenchymal cell apoptotic process involved in mesonephric nephron morphogenesis",42,15167,"GO:0061235,GO:0072039,GO:1901146"
"hubs",FALSE,0.869920511106159,1,20,1,0.05,1,"GO:0061235","GO:BP",0.869920511106159,"mesenchymal stem cell maintenance involved in mesonephric nephron morphogenesis",42,15112,"GO:0061228,GO:0072038"
"hubs",FALSE,0.869920511106159,1,20,1,0.05,1,"GO:0061228","GO:BP",0.869920511106159,"mesonephric nephron morphogenesis",42,15105,"GO:0061206,GO:0061215,GO:0072028"
"hubs",FALSE,0.869920511106159,1,20,1,0.05,1,"GO:0061218","GO:BP",0.869920511106159,"negative regulation of mesonephros development",42,15095,"GO:0001823,GO:0061217,GO:0090185"
"hubs",FALSE,0.869920511106159,3,20,2,0.1,0.666666666666667,"GO:0034765","GO:BP",0.869920511106159,"regulation of monoatomic ion transmembrane transport",42,8669,"GO:0034220,GO:0034762,GO:0043269"
"hubs",FALSE,0.869920511106159,1,20,1,0.05,1,"GO:0061217","GO:BP",0.869920511106159,"regulation of mesonephros development",42,15094,"GO:0001823,GO:0090183"
"hubs",FALSE,0.869920511106159,1,20,1,0.05,1,"GO:0061215","GO:BP",0.869920511106159,"mesonephric nephron development",42,15093,"GO:0001823,GO:0072006"
"hubs",FALSE,0.869920511106159,1,20,1,0.05,1,"GO:0035050","GO:BP",0.869920511106159,"embryonic heart tube development",42,8719,"GO:0007507,GO:0035295,GO:0048568,GO:0060429"
"hubs",FALSE,0.869920511106159,1,20,1,0.05,1,"GO:0035082","GO:BP",0.869920511106159,"axoneme assembly",42,8736,"GO:0001578,GO:0022607,GO:0060271"
"hubs",FALSE,0.869920511106159,1,20,1,0.05,1,"GO:0061206","GO:BP",0.869920511106159,"mesonephros morphogenesis",42,15084,"GO:0001823,GO:0060993"
"hubs",FALSE,0.869920511106159,4,20,4,0.2,1,"GO:0061138","GO:BP",0.869920511106159,"morphogenesis of a branching epithelium",42,15029,"GO:0001763,GO:0002009"
"hubs",FALSE,0.869920511106159,1,20,1,0.05,1,"GO:0061017","GO:BP",0.869920511106159,"hepatoblast differentiation",42,14924,"GO:0001889,GO:0030855,GO:0048863"
"hubs",FALSE,0.869920511106159,2,20,2,0.1,1,"GO:0035148","GO:BP",0.869920511106159,"tube formation",42,8780,"GO:0035239,GO:0048646"
"hubs",FALSE,0.869920511106159,7,20,6,0.3,0.857142857142857,"GO:0035239","GO:BP",0.869920511106159,"tube morphogenesis",42,8855,"GO:0009653,GO:0035295"
"hubs",FALSE,0.869920511106159,1,20,1,0.05,1,"GO:0061296","GO:BP",0.869920511106159,"negative regulation of mesenchymal cell apoptotic process involved in mesonephric nephron morphogenesis",42,15168,"GO:0061218,GO:0061235,GO:0061295,GO:0072040,GO:1901146"
"hubs",FALSE,0.869920511106159,2,20,2,0.1,1,"GO:0035264","GO:BP",0.869920511106159,"multicellular organism growth",42,8863,"GO:0032501,GO:0048589"
"hubs",FALSE,0.869920511106159,1,20,1,0.05,1,"GO:0061326","GO:BP",0.869920511106159,"renal tubule development",42,15192,"GO:0035295,GO:0060429,GO:0072001"
"hubs",FALSE,0.869920511106159,8,20,6,0.3,0.75,"GO:0034220","GO:BP",0.869920511106159,"monoatomic ion transmembrane transport",42,8445,"GO:0006811,GO:0055085"
"hubs",FALSE,0.869920511106159,1,20,1,0.05,1,"GO:0070169","GO:BP",0.869920511106159,"positive regulation of biomineral tissue development",42,15738,"GO:0031214,GO:0051094,GO:0070167"
"hubs",FALSE,0.869920511106159,1,20,1,0.05,1,"GO:0070167","GO:BP",0.869920511106159,"regulation of biomineral tissue development",42,15736,"GO:0031214,GO:2000026"
"hubs",FALSE,0.869920511106159,3,20,3,0.15,1,"GO:0032886","GO:BP",0.869920511106159,"regulation of microtubule-based process",42,7825,"GO:0007017,GO:0050794"
"hubs",FALSE,0.869920511106159,1,20,1,0.05,1,"GO:0062094","GO:BP",0.869920511106159,"stomach development",42,15591,"GO:0048565,GO:0048856"
"hubs",FALSE,0.869920511106159,1,20,1,0.05,1,"GO:0061951","GO:BP",0.869920511106159,"establishment of protein localization to plasma membrane",42,15524,"GO:0072659,GO:0090150"
"hubs",FALSE,0.869920511106159,3,20,2,0.1,0.666666666666667,"GO:0033043","GO:BP",0.869920511106159,"regulation of organelle organization",42,7941,"GO:0006996,GO:0051128"
"hubs",FALSE,0.869920511106159,1,20,1,0.05,1,"GO:0033059","GO:BP",0.869920511106159,"cellular pigmentation",42,7956,"GO:0009987,GO:0043473"
"hubs",FALSE,0.869920511106159,1,20,1,0.05,1,"GO:0033210","GO:BP",0.869920511106159,"leptin-mediated signaling pathway",42,8018,"GO:0019221,GO:0044320"
"hubs",FALSE,0.869920511106159,1,20,1,0.05,1,"GO:0033260","GO:BP",0.869920511106159,"nuclear DNA replication",42,8045,"GO:0044786"
"hubs",FALSE,0.869920511106159,1,20,1,0.05,1,"GO:0033262","GO:BP",0.869920511106159,"regulation of nuclear cell cycle DNA replication",42,8046,"GO:0010564,GO:0033260,GO:0090329"
"hubs",FALSE,0.869920511106159,2,20,2,0.1,1,"GO:0033273","GO:BP",0.869920511106159,"response to vitamin",42,8049,"GO:0007584"
"hubs",FALSE,0.869920511106159,2,20,2,0.1,1,"GO:0033280","GO:BP",0.869920511106159,"response to vitamin D",42,8053,"GO:0033273,GO:0033993,GO:1901700"
"hubs",FALSE,0.869920511106159,1,20,1,0.05,1,"GO:0061842","GO:BP",0.869920511106159,"microtubule organizing center localization",42,15463,"GO:0009987,GO:0051179"
"hubs",FALSE,0.869920511106159,3,20,3,0.15,1,"GO:0061448","GO:BP",0.869920511106159,"connective tissue development",42,15267,"GO:0009888"
"hubs",FALSE,0.869920511106159,1,20,1,0.05,1,"GO:0061371","GO:BP",0.869920511106159,"determination of heart left/right asymmetry",42,15227,"GO:0007368,GO:0007507"
"hubs",FALSE,0.869920511106159,1,20,1,0.05,1,"GO:0061351","GO:BP",0.869920511106159,"neural precursor cell proliferation",42,15210,"GO:0008283"
"hubs",FALSE,0.869920511106159,1,20,1,0.05,1,"GO:0061333","GO:BP",0.869920511106159,"renal tubule morphogenesis",42,15199,"GO:0060562,GO:0061326"
"hubs",FALSE,0.869920511106159,3,20,2,0.1,0.666666666666667,"GO:0034284","GO:BP",0.869920511106159,"response to monosaccharide",42,8478,"GO:0009743"
"hubs",FALSE,0.869920511106159,1,20,1,0.05,1,"GO:0035265","GO:BP",0.869920511106159,"organ growth",42,8864,"GO:0032501,GO:0048589"
"hubs",FALSE,0.869920511106159,2,20,2,0.1,1,"GO:0060993","GO:BP",0.869920511106159,"kidney morphogenesis",42,14902,"GO:0001822,GO:0009887"
"hubs",FALSE,0.869920511106159,1,20,1,0.05,1,"GO:0060986","GO:BP",0.869920511106159,"endocrine hormone secretion",42,14897,"GO:0046879,GO:0050886"
"hubs",FALSE,0.869920511106159,1,20,1,0.05,1,"GO:0039019","GO:BP",0.869920511106159,"pronephric nephron development",42,9697,"GO:0048793,GO:0072006"
"hubs",FALSE,0.869920511106159,1,20,1,0.05,1,"GO:0039020","GO:BP",0.869920511106159,"pronephric nephron tubule development",42,9698,"GO:0039019,GO:0072080"
"hubs",FALSE,0.869920511106159,1,20,1,0.05,1,"GO:0040001","GO:BP",0.869920511106159,"establishment of mitotic spindle localization",42,9799,"GO:0051293,GO:1902850"
"hubs",FALSE,0.869920511106159,1,20,1,0.05,1,"GO:0060632","GO:BP",0.869920511106159,"regulation of microtubule-based movement",42,14594,"GO:0007018,GO:0032886"
"hubs",FALSE,0.869920511106159,1,20,1,0.05,1,"GO:0060613","GO:BP",0.869920511106159,"fat pad development",42,14578,"GO:0060612"
"hubs",FALSE,0.869920511106159,1,20,1,0.05,1,"GO:0060612","GO:BP",0.869920511106159,"adipose tissue development",42,14577,"GO:0048513,GO:0061448"
"hubs",FALSE,0.869920511106159,1,20,1,0.05,1,"GO:0060602","GO:BP",0.869920511106159,"branch elongation of an epithelium",42,14567,"GO:0003401,GO:0061138"
"hubs",FALSE,0.869920511106159,1,20,1,0.05,1,"GO:0040014","GO:BP",0.869920511106159,"regulation of multicellular organism growth",42,9811,"GO:0035264,GO:0048638,GO:0051239"
"hubs",FALSE,0.869920511106159,1,20,1,0.05,1,"GO:0040015","GO:BP",0.869920511106159,"negative regulation of multicellular organism growth",42,9812,"GO:0035264,GO:0040014,GO:0048640,GO:0051241"
"hubs",FALSE,0.869920511106159,5,20,5,0.25,1,"GO:0060562","GO:BP",0.869920511106159,"epithelial tube morphogenesis",42,14534,"GO:0002009,GO:0035239"
"hubs",FALSE,0.869920511106159,1,20,1,0.05,1,"GO:0040018","GO:BP",0.869920511106159,"positive regulation of multicellular organism growth",42,9815,"GO:0035264,GO:0040014,GO:0048639,GO:0051240"
"hubs",FALSE,0.869920511106159,1,20,1,0.05,1,"GO:0060561","GO:BP",0.869920511106159,"apoptotic process involved in morphogenesis",42,14533,"GO:0009653,GO:1902742"
"hubs",FALSE,0.869920511106159,1,20,1,0.05,1,"GO:0060560","GO:BP",0.869920511106159,"developmental growth involved in morphogenesis",42,14532,"GO:0009653,GO:0048589"
"hubs",FALSE,0.869920511106159,3,20,3,0.15,1,"GO:0060541","GO:BP",0.869920511106159,"respiratory system development",42,14519,"GO:0048731"
"hubs",FALSE,0.869920511106159,1,20,1,0.05,1,"GO:0060537","GO:BP",0.869920511106159,"muscle tissue development",42,14515,"GO:0009888"
"hubs",FALSE,0.869920511106159,1,20,1,0.05,1,"GO:0060484","GO:BP",0.869920511106159,"lung-associated mesenchyme development",42,14467,"GO:0030324,GO:0060485"
"hubs",FALSE,0.869920511106159,1,20,1,0.05,1,"GO:0060445","GO:BP",0.869920511106159,"branching involved in salivary gland morphogenesis",42,14432,"GO:0007435,GO:0061138"
"hubs",FALSE,0.869920511106159,1,20,1,0.05,1,"GO:0038108","GO:BP",0.869920511106159,"negative regulation of appetite by leptin-mediated signaling pathway",42,9615,"GO:0032099,GO:0033210"
"hubs",FALSE,0.869920511106159,1,20,1,0.05,1,"GO:0038034","GO:BP",0.869920511106159,"signal transduction in absence of ligand",42,9587,"GO:0007165"
"hubs",FALSE,0.869920511106159,1,20,1,0.05,1,"GO:0060638","GO:BP",0.869920511106159,"mesenchymal-epithelial cell signaling",42,14600,"GO:0007267"
"hubs",FALSE,0.869920511106159,1,20,1,0.05,1,"GO:0036294","GO:BP",0.869920511106159,"cellular response to decreased oxygen levels",42,9458,"GO:0036293,GO:0071453"
"hubs",FALSE,0.869920511106159,8,20,7,0.35,0.875,"GO:0035295","GO:BP",0.869920511106159,"tube development",42,8887,"GO:0007275,GO:0048856"
"hubs",FALSE,0.869920511106159,1,20,1,0.05,1,"GO:0035315","GO:BP",0.869920511106159,"hair cell differentiation",42,8899,"GO:0009913,GO:0030182"
"hubs",FALSE,0.869920511106159,1,20,1,0.05,1,"GO:0035469","GO:BP",0.869920511106159,"determination of pancreatic left/right asymmetry",42,8984,"GO:0007368,GO:0031016"
"hubs",FALSE,0.869920511106159,1,20,1,0.05,1,"GO:0035564","GO:BP",0.869920511106159,"regulation of kidney size",42,9025,"GO:0060993,GO:0090066"
"hubs",FALSE,0.869920511106159,1,20,1,0.05,1,"GO:0035565","GO:BP",0.869920511106159,"regulation of pronephros size",42,9026,"GO:0035564,GO:0072114"
"hubs",FALSE,0.869920511106159,2,20,2,0.1,1,"GO:0035567","GO:BP",0.869920511106159,"non-canonical Wnt signaling pathway",42,9028,"GO:0016055"
"hubs",FALSE,0.869920511106159,1,20,1,0.05,1,"GO:0060693","GO:BP",0.869920511106159,"regulation of branching involved in salivary gland morphogenesis",42,14655,"GO:0060445,GO:0060688,GO:1905330,GO:2000027"
"hubs",FALSE,0.869920511106159,1,20,1,0.05,1,"GO:0035607","GO:BP",0.869920511106159,"fibroblast growth factor receptor signaling pathway involved in orbitofrontal cortex development",42,9046,"GO:0008543,GO:0021769"
"hubs",FALSE,0.869920511106159,1,20,1,0.05,1,"GO:0032782","GO:BP",0.869920511106159,"bile acid secretion",42,7761,"GO:0015718,GO:0046717"
"hubs",FALSE,0.869920511106159,1,20,1,0.05,1,"GO:0035725","GO:BP",0.869920511106159,"sodium ion transmembrane transport",42,9125,"GO:0006814,GO:0098655,GO:0098662"
"hubs",FALSE,0.869920511106159,1,20,1,0.05,1,"GO:0035729","GO:BP",0.869920511106159,"cellular response to hepatocyte growth factor stimulus",42,9128,"GO:0035728,GO:0071363"
"hubs",FALSE,0.869920511106159,1,20,1,0.05,1,"GO:0035767","GO:BP",0.869920511106159,"endothelial cell chemotaxis",42,9157,"GO:0043542,GO:0060326"
"hubs",FALSE,0.869920511106159,1,20,1,0.05,1,"GO:0060688","GO:BP",0.869920511106159,"regulation of morphogenesis of a branching structure",42,14650,"GO:0001763,GO:0022603,GO:0051239"
"hubs",FALSE,0.869920511106159,1,20,1,0.05,1,"GO:0060681","GO:BP",0.869920511106159,"branch elongation involved in ureteric bud branching",42,14643,"GO:0001658,GO:0060602,GO:0060677"
"hubs",FALSE,0.869920511106159,1,20,1,0.05,1,"GO:0035898","GO:BP",0.869920511106159,"parathyroid hormone secretion",42,9244,"GO:0060986"
"hubs",FALSE,0.869920511106159,1,20,1,0.05,1,"GO:0060677","GO:BP",0.869920511106159,"ureteric bud elongation",42,14639,"GO:0060560,GO:0060675"
"hubs",FALSE,0.869920511106159,1,20,1,0.05,1,"GO:0060675","GO:BP",0.869920511106159,"ureteric bud morphogenesis",42,14637,"GO:0001657,GO:0072171"
"hubs",FALSE,0.869920511106159,1,20,1,0.05,1,"GO:0060665","GO:BP",0.869920511106159,"regulation of branching involved in salivary gland morphogenesis by mesenchymal-epithelial signaling",42,14627,"GO:0060638,GO:0060693"
"hubs",FALSE,0.869920511106159,1,20,1,0.05,1,"GO:0035728","GO:BP",0.869920511106159,"response to hepatocyte growth factor",42,9127,"GO:0070848"
"hubs",FALSE,0.869920511106159,4,20,3,0.15,0.75,"GO:0070293","GO:BP",0.869920511106159,"renal absorption",42,15813,"GO:0003014"
"hubs",FALSE,0.869920511106159,1,20,1,0.05,1,"GO:0032535","GO:BP",0.869920511106159,"regulation of cellular component size",42,7574,"GO:0016043,GO:0090066"
"hubs",FALSE,0.869920511106159,2,20,2,0.1,1,"GO:0070294","GO:BP",0.869920511106159,"renal sodium ion absorption",42,15814,"GO:0003096,GO:0070293"
"hubs",FALSE,0.869920511106159,1,20,1,0.05,1,"GO:0071453","GO:BP",0.869920511106159,"cellular response to oxygen levels",42,16456,"GO:0070482,GO:0070887"
"hubs",FALSE,0.869920511106159,5,20,3,0.15,0.6,"GO:0023061","GO:BP",0.869920511106159,"signal release",42,6612,"GO:0007267,GO:0032940"
"hubs",FALSE,0.869920511106159,8,20,6,0.3,0.75,"GO:0030001","GO:BP",0.869920511106159,"metal ion transport",42,6613,"GO:0006812"
"hubs",FALSE,0.869920511106159,5,20,3,0.15,0.6,"GO:0030003","GO:BP",0.869920511106159,"intracellular monoatomic cation homeostasis",42,6615,"GO:0006873,GO:0055080"
"hubs",FALSE,0.869920511106159,1,20,1,0.05,1,"GO:0030010","GO:BP",0.869920511106159,"establishment of cell polarity",42,6617,"GO:0007163"
"hubs",FALSE,0.869920511106159,5,20,3,0.15,0.6,"GO:0030029","GO:BP",0.869920511106159,"actin filament-based process",42,6620,"GO:0009987"
"hubs",FALSE,0.869920511106159,11,20,7,0.35,0.636363636363636,"GO:0030030","GO:BP",0.869920511106159,"cell projection organization",42,6621,"GO:0016043"
"hubs",FALSE,0.869920511106159,6,20,6,0.3,1,"GO:0030031","GO:BP",0.869920511106159,"cell projection assembly",42,6622,"GO:0022607,GO:0030030"
"hubs",FALSE,0.869920511106159,3,20,2,0.1,0.666666666666667,"GO:0030036","GO:BP",0.869920511106159,"actin cytoskeleton organization",42,6627,"GO:0007010,GO:0030029"
"hubs",FALSE,0.869920511106159,1,20,1,0.05,1,"GO:0071404","GO:BP",0.869920511106159,"cellular response to low-density lipoprotein particle stimulus",42,16426,"GO:0055094,GO:0071402"
"hubs",FALSE,0.869920511106159,1,20,1,0.05,1,"GO:0071402","GO:BP",0.869920511106159,"cellular response to lipoprotein particle stimulus",42,16424,"GO:0051716"
"hubs",FALSE,0.869920511106159,5,20,3,0.15,0.6,"GO:0071363","GO:BP",0.869920511106159,"cellular response to growth factor stimulus",42,16385,"GO:0070848,GO:0071495"
"hubs",FALSE,0.869920511106159,17,20,9,0.45,0.529411764705882,"GO:0030154","GO:BP",0.869920511106159,"cell differentiation",42,6654,"GO:0048869"
"hubs",FALSE,0.869920511106159,1,20,1,0.05,1,"GO:0071344","GO:BP",0.869920511106159,"diphosphate metabolic process",42,16366,"GO:0006793,GO:0043436"
"hubs",FALSE,0.869920511106159,1,20,1,0.05,1,"GO:0030278","GO:BP",0.869920511106159,"regulation of ossification",42,6718,"GO:0001503,GO:0051239"
"hubs",FALSE,0.869920511106159,1,20,1,0.05,1,"GO:0030282","GO:BP",0.869920511106159,"bone mineralization",42,6720,"GO:0001503,GO:0031214"
"hubs",FALSE,0.869920511106159,1,20,1,0.05,1,"GO:0071305","GO:BP",0.869920511106159,"cellular response to vitamin D",42,16332,"GO:0033280,GO:0071295,GO:0071396,GO:1901701"
"hubs",FALSE,0.869920511106159,1,20,1,0.05,1,"GO:0071456","GO:BP",0.869920511106159,"cellular response to hypoxia",42,16459,"GO:0001666,GO:0033554,GO:0036294"
"hubs",FALSE,0.869920511106159,3,20,2,0.1,0.666666666666667,"GO:0050920","GO:BP",0.869920511106159,"regulation of chemotaxis",42,13190,"GO:0006935,GO:0032101,GO:0040012"
"hubs",FALSE,0.869920511106159,9,20,5,0.25,0.555555555555556,"GO:0071495","GO:BP",0.869920511106159,"cellular response to endogenous stimulus",42,16497,"GO:0009719"
"hubs",FALSE,0.869920511106159,1,20,1,0.05,1,"GO:0071529","GO:BP",0.869920511106159,"cementum mineralization",42,16519,"GO:0034505"
"hubs",FALSE,0.869920511106159,1,20,1,0.05,1,"GO:0021756","GO:BP",0.869920511106159,"striatum development",42,6305,"GO:0021544,GO:0048856"
"hubs",FALSE,0.869920511106159,3,20,3,0.15,1,"GO:0021761","GO:BP",0.869920511106159,"limbic system development",42,6309,"GO:0030900,GO:0048731"
"hubs",FALSE,0.869920511106159,1,20,1,0.05,1,"GO:0021766","GO:BP",0.869920511106159,"hippocampus development",42,6314,"GO:0021543,GO:0021761,GO:0048856"
"hubs",FALSE,0.869920511106159,1,20,1,0.05,1,"GO:0021769","GO:BP",0.869920511106159,"orbitofrontal cortex development",42,6317,"GO:0021761,GO:0048856"
"hubs",FALSE,0.869920511106159,1,20,1,0.05,1,"GO:0021846","GO:BP",0.869920511106159,"cell proliferation in forebrain",42,6388,"GO:0030900,GO:0061351"
"hubs",FALSE,0.869920511106159,1,20,1,0.05,1,"GO:0021847","GO:BP",0.869920511106159,"ventricular zone neuroblast division",42,6389,"GO:0021869,GO:0021873"
"hubs",FALSE,0.869920511106159,1,20,1,0.05,1,"GO:0021854","GO:BP",0.869920511106159,"hypothalamus development",42,6396,"GO:0021536,GO:0021761,GO:0048856"
"hubs",FALSE,0.869920511106159,1,20,1,0.05,1,"GO:0021869","GO:BP",0.869920511106159,"forebrain ventricular zone progenitor cell division",42,6405,"GO:0021846,GO:0051301"
"hubs",FALSE,0.869920511106159,1,20,1,0.05,1,"GO:0030321","GO:BP",0.869920511106159,"transepithelial chloride transport",42,6733,"GO:0006821,GO:0070633"
"hubs",FALSE,0.869920511106159,1,20,1,0.05,1,"GO:0021872","GO:BP",0.869920511106159,"forebrain generation of neurons",42,6408,"GO:0030900,GO:0048699"
"hubs",FALSE,0.869920511106159,3,20,2,0.1,0.666666666666667,"GO:0021983","GO:BP",0.869920511106159,"pituitary gland development",42,6506,"GO:0021536,GO:0035270,GO:0048732"
"hubs",FALSE,0.869920511106159,1,20,1,0.05,1,"GO:0021987","GO:BP",0.869920511106159,"cerebral cortex development",42,6510,"GO:0021543,GO:0048856"
"hubs",FALSE,0.869920511106159,7,20,4,0.2,0.571428571428571,"GO:0071705","GO:BP",0.869920511106159,"nitrogen compound transport",42,16638,"GO:0006810"
"hubs",FALSE,0.869920511106159,1,20,1,0.05,1,"GO:0071695","GO:BP",0.869920511106159,"anatomical structure maturation",42,16632,"GO:0021700,GO:0048856"
"hubs",FALSE,0.869920511106159,2,20,2,0.1,1,"GO:0022412","GO:BP",0.869920511106159,"cellular process involved in reproduction in multicellular organism",42,6571,"GO:0009987,GO:0048609"
"hubs",FALSE,0.869920511106159,1,20,1,0.05,1,"GO:0071600","GO:BP",0.869920511106159,"otic vesicle morphogenesis",42,16556,"GO:0042472,GO:0048562,GO:0060562,GO:0071599"
"hubs",FALSE,0.869920511106159,1,20,1,0.05,1,"GO:0071599","GO:BP",0.869920511106159,"otic vesicle development",42,16555,"GO:0007423,GO:0035295,GO:0048839,GO:0060429"
"hubs",FALSE,0.869920511106159,13,20,9,0.45,0.692307692307692,"GO:0022607","GO:BP",0.869920511106159,"cellular component assembly",42,6582,"GO:0016043,GO:0044085"
"hubs",FALSE,0.869920511106159,1,20,1,0.05,1,"GO:0021873","GO:BP",0.869920511106159,"forebrain neuroblast division",42,6409,"GO:0021872,GO:0055057"
"hubs",FALSE,0.869920511106159,2,20,2,0.1,1,"GO:0042311","GO:BP",0.869920511106159,"vasodilation",42,9991,"GO:0097746"
"hubs",FALSE,0.869920511106159,2,20,2,0.1,1,"GO:0030323","GO:BP",0.869920511106159,"respiratory tube development",42,6735,"GO:0035295,GO:0048513"
"hubs",FALSE,0.869920511106159,1,20,1,0.05,1,"GO:0071295","GO:BP",0.869920511106159,"cellular response to vitamin",42,16322,"GO:0031670,GO:0033273"
"hubs",FALSE,0.869920511106159,1,20,1,0.05,1,"GO:0031929","GO:BP",0.869920511106159,"TOR signaling",42,7248,"GO:0035556"
"hubs",FALSE,0.869920511106159,1,20,1,0.05,1,"GO:0032006","GO:BP",0.869920511106159,"regulation of TOR signaling",42,7273,"GO:0031929,GO:1902531"
"hubs",FALSE,0.869920511106159,1,20,1,0.05,1,"GO:0032088","GO:BP",0.869920511106159,"negative regulation of NF-kappaB transcription factor activity",42,7308,"GO:0043433"
"hubs",FALSE,0.869920511106159,1,20,1,0.05,1,"GO:0070640","GO:BP",0.869920511106159,"vitamin D3 metabolic process",42,15999,"GO:0042359,GO:1902652"
"hubs",FALSE,0.869920511106159,1,20,1,0.05,1,"GO:0032095","GO:BP",0.869920511106159,"regulation of response to food",42,7312,"GO:0032094,GO:0032107"
"hubs",FALSE,0.869920511106159,1,20,1,0.05,1,"GO:0032096","GO:BP",0.869920511106159,"negative regulation of response to food",42,7313,"GO:0032094,GO:0032095,GO:0032108"
"hubs",FALSE,0.869920511106159,1,20,1,0.05,1,"GO:0032098","GO:BP",0.869920511106159,"regulation of appetite",42,7315,"GO:0031667,GO:0065008"
"hubs",FALSE,0.869920511106159,1,20,1,0.05,1,"GO:0032099","GO:BP",0.869920511106159,"negative regulation of appetite",42,7316,"GO:0032096,GO:0032098"
"hubs",FALSE,0.869920511106159,1,20,1,0.05,1,"GO:0070633","GO:BP",0.869920511106159,"transepithelial transport",42,15994,"GO:0006810"
"hubs",FALSE,0.869920511106159,1,20,1,0.05,1,"GO:0032107","GO:BP",0.869920511106159,"regulation of response to nutrient levels",42,7321,"GO:0031667,GO:0048583"
"hubs",FALSE,0.869920511106159,1,20,1,0.05,1,"GO:0032108","GO:BP",0.869920511106159,"negative regulation of response to nutrient levels",42,7322,"GO:0031667,GO:0032107,GO:0048585"
"hubs",FALSE,0.869920511106159,1,20,1,0.05,1,"GO:0070374","GO:BP",0.869920511106159,"positive regulation of ERK1 and ERK2 cascade",42,15861,"GO:0043410,GO:0070371,GO:0070372"
"hubs",FALSE,0.869920511106159,2,20,2,0.1,1,"GO:0070372","GO:BP",0.869920511106159,"regulation of ERK1 and ERK2 cascade",42,15859,"GO:0043408,GO:0070371"
"hubs",FALSE,0.869920511106159,1,20,1,0.05,1,"GO:0032400","GO:BP",0.869920511106159,"melanosome localization",42,7491,"GO:0051875"
"hubs",FALSE,0.869920511106159,1,20,1,0.05,1,"GO:0032401","GO:BP",0.869920511106159,"establishment of melanosome localization",42,7492,"GO:0032400,GO:0051905"
"hubs",FALSE,0.869920511106159,1,20,1,0.05,1,"GO:0032402","GO:BP",0.869920511106159,"melanosome transport",42,7493,"GO:0032400,GO:0032401,GO:0051904"
"hubs",FALSE,0.869920511106159,3,20,3,0.15,1,"GO:0070371","GO:BP",0.869920511106159,"ERK1 and ERK2 cascade",42,15858,"GO:0000165"
"hubs",FALSE,0.869920511106159,1,20,1,0.05,1,"GO:0031670","GO:BP",0.869920511106159,"cellular response to nutrient",42,7233,"GO:0007584,GO:0031669,GO:0070887"
"hubs",FALSE,0.869920511106159,1,20,1,0.05,1,"GO:0031669","GO:BP",0.869920511106159,"cellular response to nutrient levels",42,7232,"GO:0031667,GO:0051716"
"hubs",FALSE,0.869920511106159,6,20,4,0.2,0.666666666666667,"GO:0031667","GO:BP",0.869920511106159,"response to nutrient levels",42,7231,"GO:0050896"
"hubs",FALSE,0.869920511106159,1,20,1,0.05,1,"GO:0031589","GO:BP",0.869920511106159,"cell-substrate adhesion",42,7193,"GO:0007155"
"hubs",FALSE,0.869920511106159,1,20,1,0.05,1,"GO:0071288","GO:BP",0.869920511106159,"cellular response to mercury ion",42,16315,"GO:0046689,GO:0071248"
"hubs",FALSE,0.869920511106159,1,20,1,0.05,1,"GO:0071280","GO:BP",0.869920511106159,"cellular response to copper ion",42,16307,"GO:0046688,GO:0071248"
"hubs",FALSE,0.869920511106159,1,20,1,0.05,1,"GO:0030500","GO:BP",0.869920511106159,"regulation of bone mineralization",42,6784,"GO:0030278,GO:0030282,GO:0070167"
"hubs",FALSE,0.869920511106159,1,20,1,0.05,1,"GO:0030501","GO:BP",0.869920511106159,"positive regulation of bone mineralization",42,6785,"GO:0030282,GO:0030500,GO:0045778,GO:0070169"
"hubs",FALSE,0.869920511106159,1,20,1,0.05,1,"GO:0030534","GO:BP",0.869920511106159,"adult behavior",42,6800,"GO:0007610"
"hubs",FALSE,0.869920511106159,4,20,3,0.15,0.75,"GO:0030855","GO:BP",0.869920511106159,"epithelial cell differentiation",42,6901,"GO:0030154,GO:0060429"
"hubs",FALSE,0.869920511106159,1,20,1,0.05,1,"GO:0030878","GO:BP",0.869920511106159,"thyroid gland development",42,6911,"GO:0035270,GO:0048732"
"hubs",FALSE,0.869920511106159,7,20,4,0.2,0.571428571428571,"GO:0030900","GO:BP",0.869920511106159,"forebrain development",42,6919,"GO:0007420,GO:0048856"
"hubs",FALSE,0.869920511106159,2,20,2,0.1,1,"GO:0030324","GO:BP",0.869920511106159,"lung development",42,6736,"GO:0030323,GO:0048513,GO:0060541"
"hubs",FALSE,0.869920511106159,1,20,1,0.05,1,"GO:0071276","GO:BP",0.869920511106159,"cellular response to cadmium ion",42,16303,"GO:0046686,GO:0071248"
"hubs",FALSE,0.869920511106159,1,20,1,0.05,1,"GO:0030916","GO:BP",0.869920511106159,"otic vesicle formation",42,6928,"GO:0071600,GO:0072175"
"hubs",FALSE,0.869920511106159,4,20,3,0.15,0.75,"GO:0071248","GO:BP",0.869920511106159,"cellular response to metal ion",42,16279,"GO:0010038,GO:0070887"
"hubs",FALSE,0.869920511106159,2,20,2,0.1,1,"GO:0031023","GO:BP",0.869920511106159,"microtubule organizing center organization",42,6960,"GO:0000226,GO:0007017,GO:0016043"
"hubs",FALSE,0.869920511106159,1,20,1,0.05,1,"GO:0031128","GO:BP",0.869920511106159,"developmental induction",42,7015,"GO:0032502"
"hubs",FALSE,0.869920511106159,1,20,1,0.05,1,"GO:0071214","GO:BP",0.869920511106159,"cellular response to abiotic stimulus",42,16246,"GO:0009628,GO:0104004"
"hubs",FALSE,0.869920511106159,2,20,2,0.1,1,"GO:0031214","GO:BP",0.869920511106159,"biomineral tissue development",42,7053,"GO:0009888,GO:0048513"
"hubs",FALSE,0.869920511106159,6,20,6,0.3,1,"GO:0070925","GO:BP",0.869920511106159,"organelle assembly",42,16146,"GO:0006996,GO:0022607"
"hubs",FALSE,0.869920511106159,1,20,1,0.05,1,"GO:0031346","GO:BP",0.869920511106159,"positive regulation of cell projection organization",42,7098,"GO:0030030,GO:0031344,GO:0051130"
"hubs",FALSE,0.869920511106159,1,20,1,0.05,1,"GO:0030902","GO:BP",0.869920511106159,"hindbrain development",42,6921,"GO:0007420,GO:0048856"
"hubs",FALSE,0.869920511106159,1,20,1,0.05,1,"GO:0021700","GO:BP",0.869920511106159,"developmental maturation",42,6251,"GO:0032502"
"hubs",FALSE,0.869920511106159,8,20,7,0.35,0.875,"GO:0060429","GO:BP",0.869920511106159,"epithelium development",42,14416,"GO:0009888"
"hubs",FALSE,0.869920511106159,3,20,2,0.1,0.666666666666667,"GO:0042330","GO:BP",0.869920511106159,"taxis",42,10003,"GO:0009605,GO:0040011"
"hubs",FALSE,0.869920511106159,1,20,1,0.05,1,"GO:0048368","GO:BP",0.869920511106159,"lateral mesoderm development",42,12536,"GO:0007498,GO:0060485"
"hubs",FALSE,0.869920511106159,1,20,1,0.05,1,"GO:0048369","GO:BP",0.869920511106159,"lateral mesoderm morphogenesis",42,12537,"GO:0048332,GO:0048368,GO:0072132"
"hubs",FALSE,0.869920511106159,1,20,1,0.05,1,"GO:0048370","GO:BP",0.869920511106159,"lateral mesoderm formation",42,12538,"GO:0001707,GO:0048369"
"hubs",FALSE,0.869920511106159,1,20,1,0.05,1,"GO:0048371","GO:BP",0.869920511106159,"lateral mesodermal cell differentiation",42,12539,"GO:0048333,GO:0048370"
"hubs",FALSE,0.869920511106159,1,20,1,0.05,1,"GO:0048372","GO:BP",0.869920511106159,"lateral mesodermal cell fate commitment",42,12540,"GO:0001710,GO:0048371"
"hubs",FALSE,0.869920511106159,1,20,1,0.05,1,"GO:0048377","GO:BP",0.869920511106159,"lateral mesodermal cell fate specification",42,12545,"GO:0007501,GO:0048372"
"hubs",FALSE,0.869920511106159,1,20,1,0.05,1,"GO:0048378","GO:BP",0.869920511106159,"regulation of lateral mesodermal cell fate specification",42,12546,"GO:0042661,GO:0048377"
"hubs",FALSE,0.869920511106159,1,20,1,0.05,1,"GO:0048469","GO:BP",0.869920511106159,"cell maturation",42,12603,"GO:0048468,GO:0048869,GO:0071695"
"hubs",FALSE,0.869920511106159,1,20,1,0.05,1,"GO:0048496","GO:BP",0.869920511106159,"maintenance of animal organ identity",42,12618,"GO:0045596,GO:0048513"
"hubs",FALSE,0.869920511106159,1,20,1,0.05,1,"GO:0051592","GO:BP",0.869920511106159,"response to calcium ion",42,13619,"GO:0010038"
"hubs",FALSE,0.869920511106159,21,20,11,0.55,0.523809523809524,"GO:0048513","GO:BP",0.869920511106159,"animal organ development",42,12631,"GO:0048856"
"hubs",FALSE,0.869920511106159,1,20,1,0.05,1,"GO:0051494","GO:BP",0.869920511106159,"negative regulation of cytoskeleton organization",42,13563,"GO:0007010,GO:0010639,GO:0051493"
"hubs",FALSE,0.869920511106159,2,20,2,0.1,1,"GO:0048515","GO:BP",0.869920511106159,"spermatid differentiation",42,12633,"GO:0003006,GO:0007283,GO:0022412,GO:0030154"
"hubs",FALSE,0.869920511106159,1,20,1,0.05,1,"GO:0051493","GO:BP",0.869920511106159,"regulation of cytoskeleton organization",42,13562,"GO:0007010,GO:0033043"
"hubs",FALSE,0.869920511106159,1,20,1,0.05,1,"GO:0051385","GO:BP",0.869920511106159,"response to mineralocorticoid",42,13503,"GO:0031960"
"hubs",FALSE,0.869920511106159,1,20,1,0.05,1,"GO:0051345","GO:BP",0.869920511106159,"positive regulation of hydrolase activity",42,13487,"GO:0043085,GO:0051336"
"hubs",FALSE,0.869920511106159,1,20,1,0.05,1,"GO:0048546","GO:BP",0.869920511106159,"digestive tract morphogenesis",42,12660,"GO:0035239,GO:0048565"
"hubs",FALSE,0.869920511106159,1,20,1,0.05,1,"GO:0048333","GO:BP",0.869920511106159,"mesodermal cell differentiation",42,12503,"GO:0001707,GO:0030154"
"hubs",FALSE,0.869920511106159,1,20,1,0.05,1,"GO:0048557","GO:BP",0.869920511106159,"embryonic digestive tract morphogenesis",42,12664,"GO:0048546,GO:0048562,GO:0048566"
"hubs",FALSE,0.869920511106159,2,20,2,0.1,1,"GO:0051640","GO:BP",0.869920511106159,"organelle localization",42,13663,"GO:0051179"
"hubs",FALSE,0.869920511106159,1,20,1,0.05,1,"GO:0048193","GO:BP",0.869920511106159,"Golgi vesicle transport",42,12403,"GO:0016192"
"hubs",FALSE,0.869920511106159,1,20,1,0.05,1,"GO:0051650","GO:BP",0.869920511106159,"establishment of vesicle localization",42,13673,"GO:0051648,GO:0051649,GO:0051656"
"hubs",FALSE,0.869920511106159,1,20,1,0.05,1,"GO:0046189","GO:BP",0.869920511106159,"phenol-containing compound biosynthetic process",42,11796,"GO:0009058,GO:0018958"
"hubs",FALSE,0.869920511106159,2,20,2,0.1,1,"GO:0046605","GO:BP",0.869920511106159,"regulation of centrosome cycle",42,12090,"GO:0007098,GO:0010564,GO:0032886,GO:0051128"
"hubs",FALSE,0.869920511106159,1,20,1,0.05,1,"GO:0046606","GO:BP",0.869920511106159,"negative regulation of centrosome cycle",42,12091,"GO:0007098,GO:0010948,GO:0046605,GO:0051494"
"hubs",FALSE,0.869920511106159,1,20,1,0.05,1,"GO:0046620","GO:BP",0.869920511106159,"regulation of organ growth",42,12095,"GO:0035265,GO:0048638,GO:0051239"
"hubs",FALSE,0.869920511106159,1,20,1,0.05,1,"GO:0046622","GO:BP",0.869920511106159,"positive regulation of organ growth",42,12097,"GO:0035265,GO:0046620,GO:0048639,GO:0051240"
"hubs",FALSE,0.869920511106159,1,20,1,0.05,1,"GO:0046686","GO:BP",0.869920511106159,"response to cadmium ion",42,12152,"GO:0010038"
"hubs",FALSE,0.869920511106159,1,20,1,0.05,1,"GO:0046688","GO:BP",0.869920511106159,"response to copper ion",42,12154,"GO:0010038"
"hubs",FALSE,0.869920511106159,1,20,1,0.05,1,"GO:0046689","GO:BP",0.869920511106159,"response to mercury ion",42,12155,"GO:0010038"
"hubs",FALSE,0.869920511106159,1,20,1,0.05,1,"GO:0046717","GO:BP",0.869920511106159,"acid secretion",42,12173,"GO:0046903"
"hubs",FALSE,0.869920511106159,2,20,2,0.1,1,"GO:0051649","GO:BP",0.869920511106159,"establishment of localization in cell",42,13672,"GO:0051234,GO:0051641"
"hubs",FALSE,0.869920511106159,5,20,3,0.15,0.6,"GO:0046879","GO:BP",0.869920511106159,"hormone secretion",42,12247,"GO:0009914,GO:0023061"
"hubs",FALSE,0.869920511106159,1,20,1,0.05,1,"GO:0051648","GO:BP",0.869920511106159,"vesicle localization",42,13671,"GO:0051640"
"hubs",FALSE,0.869920511106159,3,20,2,0.1,0.666666666666667,"GO:0046887","GO:BP",0.869920511106159,"positive regulation of hormone secretion",42,12255,"GO:0010647,GO:0023056,GO:0046879,GO:0046883,GO:1903532"
"hubs",FALSE,0.869920511106159,1,20,1,0.05,1,"GO:0051642","GO:BP",0.869920511106159,"centrosome localization",42,13665,"GO:0061842"
"hubs",FALSE,0.869920511106159,11,20,6,0.3,0.545454545454545,"GO:0051641","GO:BP",0.869920511106159,"cellular localization",42,13664,"GO:0009987,GO:0051179"
"hubs",FALSE,0.869920511106159,1,20,1,0.05,1,"GO:0048015","GO:BP",0.869920511106159,"phosphatidylinositol-mediated signaling",42,12304,"GO:0035556"
"hubs",FALSE,0.869920511106159,3,20,2,0.1,0.666666666666667,"GO:0048232","GO:BP",0.869920511106159,"male gamete generation",42,12428,"GO:0007276"
"hubs",FALSE,0.869920511106159,4,20,4,0.2,1,"GO:0048562","GO:BP",0.869920511106159,"embryonic organ morphogenesis",42,12668,"GO:0009887,GO:0048568,GO:0048598"
"hubs",FALSE,0.869920511106159,2,20,2,0.1,1,"GO:0048565","GO:BP",0.869920511106159,"digestive tract development",42,12670,"GO:0035295,GO:0055123"
"hubs",FALSE,0.869920511106159,1,20,1,0.05,1,"GO:0048566","GO:BP",0.869920511106159,"embryonic digestive tract development",42,12671,"GO:0048565,GO:0048568"
"hubs",FALSE,0.869920511106159,1,20,1,0.05,1,"GO:0048853","GO:BP",0.869920511106159,"forebrain morphogenesis",42,12928,"GO:0009653,GO:0030900,GO:0048854"
"hubs",FALSE,0.869920511106159,2,20,2,0.1,1,"GO:0048854","GO:BP",0.869920511106159,"brain morphogenesis",42,12929,"GO:0007420,GO:0009887"
"hubs",FALSE,0.869920511106159,21,20,13,0.65,0.619047619047619,"GO:0051234","GO:BP",0.869920511106159,"establishment of localization",42,13403,"GO:0051179"
"hubs",FALSE,0.869920511106159,1,20,1,0.05,1,"GO:0048861","GO:BP",0.869920511106159,"leukemia inhibitory factor signaling pathway",42,12936,"GO:0007167"
"hubs",FALSE,0.869920511106159,3,20,3,0.15,1,"GO:0048863","GO:BP",0.869920511106159,"stem cell differentiation",42,12937,"GO:0030154"
"hubs",FALSE,0.869920511106159,17,20,9,0.45,0.529411764705882,"GO:0048869","GO:BP",0.869920511106159,"cellular developmental process",42,12943,"GO:0009987,GO:0032502"
"hubs",FALSE,0.869920511106159,2,20,2,0.1,1,"GO:0051216","GO:BP",0.869920511106159,"cartilage development",42,13393,"GO:0001501,GO:0048513,GO:0061448"
"hubs",FALSE,0.869920511106159,14,20,8,0.4,0.571428571428571,"GO:0048878","GO:BP",0.869920511106159,"chemical homeostasis",42,12950,"GO:0042592"
"hubs",FALSE,0.869920511106159,25,20,14,0.7,0.56,"GO:0051179","GO:BP",0.869920511106159,"localization",42,13378,"GO:0008150"
"hubs",FALSE,0.869920511106159,2,20,2,0.1,1,"GO:0050679","GO:BP",0.869920511106159,"positive regulation of epithelial cell proliferation",42,13042,"GO:0008284,GO:0050673,GO:0050678"
"hubs",FALSE,0.869920511106159,3,20,2,0.1,0.666666666666667,"GO:0050953","GO:BP",0.869920511106159,"sensory perception of light stimulus",42,13223,"GO:0007600"
"hubs",FALSE,0.869920511106159,1,20,1,0.05,1,"GO:0050927","GO:BP",0.869920511106159,"positive regulation of positive chemotaxis",42,13197,"GO:0050918,GO:0050921,GO:0050926"
"hubs",FALSE,0.869920511106159,1,20,1,0.05,1,"GO:0050926","GO:BP",0.869920511106159,"regulation of positive chemotaxis",42,13196,"GO:0050918,GO:0050920"
"hubs",FALSE,0.869920511106159,9,20,6,0.3,0.666666666666667,"GO:0050801","GO:BP",0.869920511106159,"monoatomic ion homeostasis",42,13095,"GO:0048878"
"hubs",FALSE,0.869920511106159,1,20,1,0.05,1,"GO:0050803","GO:BP",0.869920511106159,"regulation of synapse structure or activity",42,13097,"GO:0065008"
"hubs",FALSE,0.869920511106159,1,20,1,0.05,1,"GO:0050807","GO:BP",0.869920511106159,"regulation of synapse organization",42,13101,"GO:0050803,GO:0050808,GO:0051128"
"hubs",FALSE,0.869920511106159,3,20,2,0.1,0.666666666666667,"GO:0050921","GO:BP",0.869920511106159,"positive regulation of chemotaxis",42,13191,"GO:0006935,GO:0032103,GO:0040017,GO:0050920"
"hubs",FALSE,0.869920511106159,3,20,2,0.1,0.666666666666667,"GO:0048839","GO:BP",0.869920511106159,"inner ear development",42,12914,"GO:0043583,GO:0048856"
"hubs",FALSE,0.869920511106159,1,20,1,0.05,1,"GO:0048806","GO:BP",0.869920511106159,"genitalia development",42,12885,"GO:0007548,GO:0048513,GO:0048608"
"hubs",FALSE,0.869920511106159,1,20,1,0.05,1,"GO:0048793","GO:BP",0.869920511106159,"pronephros development",42,12872,"GO:0001822"
"hubs",FALSE,0.869920511106159,3,20,3,0.15,1,"GO:0048754","GO:BP",0.869920511106159,"branching morphogenesis of an epithelial tube",42,12838,"GO:0035239,GO:0060562,GO:0061138"
"hubs",FALSE,0.869920511106159,4,20,4,0.2,1,"GO:0048568","GO:BP",0.869920511106159,"embryonic organ development",42,12673,"GO:0009790,GO:0048513"
"hubs",FALSE,0.869920511106159,1,20,1,0.05,1,"GO:0051336","GO:BP",0.869920511106159,"regulation of hydrolase activity",42,13481,"GO:0050790"
"hubs",FALSE,0.869920511106159,1,20,1,0.05,1,"GO:0051301","GO:BP",0.869920511106159,"cell division",42,13450,"GO:0009987"
"hubs",FALSE,0.869920511106159,2,20,2,0.1,1,"GO:0051298","GO:BP",0.869920511106159,"centrosome duplication",42,13447,"GO:0007098,GO:0022402"
"hubs",FALSE,0.869920511106159,6,20,4,0.2,0.666666666666667,"GO:0048589","GO:BP",0.869920511106159,"developmental growth",42,12693,"GO:0032502,GO:0040007"
"hubs",FALSE,0.869920511106159,1,20,1,0.05,1,"GO:0051294","GO:BP",0.869920511106159,"establishment of spindle orientation",42,13444,"GO:0030010,GO:0051293"
"hubs",FALSE,0.869920511106159,1,20,1,0.05,1,"GO:0051293","GO:BP",0.869920511106159,"establishment of spindle localization",42,13443,"GO:0000226,GO:0051649,GO:0051653,GO:0051656"
"hubs",FALSE,0.869920511106159,1,20,1,0.05,1,"GO:0051289","GO:BP",0.869920511106159,"protein homotetramerization",42,13439,"GO:0051260,GO:0051262"
"hubs",FALSE,0.869920511106159,1,20,1,0.05,1,"GO:0051653","GO:BP",0.869920511106159,"spindle localization",42,13676,"GO:0022402,GO:0051640"
"hubs",FALSE,0.869920511106159,4,20,3,0.15,0.75,"GO:0048638","GO:BP",0.869920511106159,"regulation of developmental growth",42,12729,"GO:0040008,GO:0048589,GO:0050793"
"hubs",FALSE,0.869920511106159,1,20,1,0.05,1,"GO:0048640","GO:BP",0.869920511106159,"negative regulation of developmental growth",42,12731,"GO:0045926,GO:0048589,GO:0048638,GO:0051093"
"hubs",FALSE,0.869920511106159,1,20,1,0.05,1,"GO:0048645","GO:BP",0.869920511106159,"animal organ formation",42,12736,"GO:0009887,GO:0048646"
"hubs",FALSE,0.869920511106159,1,20,1,0.05,1,"GO:0051262","GO:BP",0.869920511106159,"protein tetramerization",42,13427,"GO:0051259"
"hubs",FALSE,0.869920511106159,1,20,1,0.05,1,"GO:0048705","GO:BP",0.869920511106159,"skeletal system morphogenesis",42,12795,"GO:0001501,GO:0009887"
"hubs",FALSE,0.869920511106159,8,20,7,0.35,0.875,"GO:0048729","GO:BP",0.869920511106159,"tissue morphogenesis",42,12819,"GO:0009653,GO:0009888"
"hubs",FALSE,0.869920511106159,9,20,5,0.25,0.555555555555556,"GO:0048732","GO:BP",0.869920511106159,"gland development",42,12822,"GO:0048513"
"hubs",FALSE,0.869920511106159,5,20,3,0.15,0.6,"GO:0051241","GO:BP",0.869920511106159,"negative regulation of multicellular organismal process",42,13409,"GO:0032501,GO:0048519,GO:0051239"
"hubs",FALSE,0.869920511106159,1,20,1,0.05,1,"GO:0048738","GO:BP",0.869920511106159,"cardiac muscle tissue development",42,12828,"GO:0007507,GO:0014706"
"hubs",FALSE,0.869920511106159,3,20,2,0.1,0.666666666666667,"GO:0048639","GO:BP",0.869920511106159,"positive regulation of developmental growth",42,12730,"GO:0045927,GO:0048589,GO:0048638,GO:0051094"
"hubs",FALSE,0.869920511106159,2,20,2,0.1,1,"GO:0051656","GO:BP",0.869920511106159,"establishment of organelle localization",42,13679,"GO:0051234,GO:0051640"
"hubs",FALSE,0.869920511106159,1,20,1,0.05,1,"GO:0051660","GO:BP",0.869920511106159,"establishment of centrosome localization",42,13683,"GO:0051642,GO:0051649,GO:0051656"
"hubs",FALSE,0.869920511106159,1,20,1,0.05,1,"GO:0045931","GO:BP",0.869920511106159,"positive regulation of mitotic cell cycle",42,11563,"GO:0000278,GO:0007346,GO:0045787"
"hubs",FALSE,0.869920511106159,3,20,2,0.1,0.666666666666667,"GO:0043009","GO:BP",0.869920511106159,"chordate embryonic development",42,10384,"GO:0009792"
"hubs",FALSE,0.869920511106159,1,20,1,0.05,1,"GO:0060295","GO:BP",0.869920511106159,"regulation of cilium movement involved in cell motility",42,14301,"GO:0003352,GO:0060294,GO:1902019"
"hubs",FALSE,0.869920511106159,1,20,1,0.05,1,"GO:0060287","GO:BP",0.869920511106159,"epithelial cilium movement involved in determination of left/right asymmetry",42,14294,"GO:0003351,GO:0007368"
"hubs",FALSE,0.869920511106159,5,20,5,0.25,1,"GO:0060271","GO:BP",0.869920511106159,"cilium assembly",42,14280,"GO:0044782,GO:0070925,GO:0120031"
"hubs",FALSE,0.869920511106159,1,20,1,0.05,1,"GO:0060193","GO:BP",0.869920511106159,"positive regulation of lipase activity",42,14217,"GO:0051345"
"hubs",FALSE,0.869920511106159,1,20,1,0.05,1,"GO:0060119","GO:BP",0.869920511106159,"inner ear receptor cell development",42,14158,"GO:0048666,GO:0060113"
"hubs",FALSE,0.869920511106159,1,20,1,0.05,1,"GO:0060117","GO:BP",0.869920511106159,"auditory receptor cell development",42,14156,"GO:0042491,GO:0060119"
"hubs",FALSE,0.869920511106159,1,20,1,0.05,1,"GO:0060113","GO:BP",0.869920511106159,"inner ear receptor cell differentiation",42,14152,"GO:0042490,GO:0048839"
"hubs",FALSE,0.869920511106159,1,20,1,0.05,1,"GO:0060071","GO:BP",0.869920511106159,"Wnt signaling pathway, planar cell polarity pathway",42,14126,"GO:0035567"
"hubs",FALSE,0.869920511106159,7,20,4,0.2,0.571428571428571,"GO:0043408","GO:BP",0.869920511106159,"regulation of MAPK cascade",42,10579,"GO:0000165,GO:1902531"
"hubs",FALSE,0.869920511106159,1,20,1,0.05,1,"GO:0043433","GO:BP",0.869920511106159,"negative regulation of DNA-binding transcription factor activity",42,10593,"GO:0044092,GO:0051090"
"hubs",FALSE,0.869920511106159,1,20,1,0.05,1,"GO:0060045","GO:BP",0.869920511106159,"positive regulation of cardiac muscle cell proliferation",42,14101,"GO:0008284,GO:0055023,GO:0060038,GO:0060043"
"hubs",FALSE,0.869920511106159,1,20,1,0.05,1,"GO:0060043","GO:BP",0.869920511106159,"regulation of cardiac muscle cell proliferation",42,14099,"GO:0042127,GO:0055021,GO:0060038"
"hubs",FALSE,0.869920511106159,1,20,1,0.05,1,"GO:0043473","GO:BP",0.869920511106159,"pigmentation",42,10622,"GO:0008150"
"hubs",FALSE,0.869920511106159,1,20,1,0.05,1,"GO:0060038","GO:BP",0.869920511106159,"cardiac muscle cell proliferation",42,14094,"GO:0014855,GO:0055017"
"hubs",FALSE,0.869920511106159,1,20,1,0.05,1,"GO:0043534","GO:BP",0.869920511106159,"blood vessel endothelial cell migration",42,10658,"GO:0043542"
"hubs",FALSE,0.869920511106159,1,20,1,0.05,1,"GO:0043535","GO:BP",0.869920511106159,"regulation of blood vessel endothelial cell migration",42,10659,"GO:0010594,GO:0043534"
"hubs",FALSE,0.869920511106159,1,20,1,0.05,1,"GO:0043001","GO:BP",0.869920511106159,"Golgi to plasma membrane protein transport",42,10382,"GO:0006893,GO:0015031,GO:0061951"
"hubs",FALSE,0.869920511106159,1,20,1,0.05,1,"GO:0060296","GO:BP",0.869920511106159,"regulation of cilium beat frequency involved in ciliary motility",42,14302,"GO:0003356,GO:0060295,GO:0065008"
"hubs",FALSE,0.869920511106159,8,20,5,0.25,0.625,"GO:0060322","GO:BP",0.869920511106159,"head development",42,14325,"GO:0048856"
"hubs",FALSE,0.869920511106159,1,20,1,0.05,1,"GO:0042661","GO:BP",0.869920511106159,"regulation of mesodermal cell fate specification",42,10183,"GO:0007501,GO:0042659,GO:1905770,GO:2000027"
"hubs",FALSE,0.869920511106159,1,20,1,0.05,1,"GO:0042359","GO:BP",0.869920511106159,"vitamin D metabolic process",42,10025,"GO:0006775,GO:0008202"
"hubs",FALSE,0.869920511106159,1,20,1,0.05,1,"GO:0060420","GO:BP",0.869920511106159,"regulation of heart growth",42,14408,"GO:0046620,GO:0060419,GO:2000026"
"hubs",FALSE,0.869920511106159,1,20,1,0.05,1,"GO:0042401","GO:BP",0.869920511106159,"biogenic amine biosynthetic process",42,10055,"GO:0006576,GO:0009309"
"hubs",FALSE,0.869920511106159,1,20,1,0.05,1,"GO:0042415","GO:BP",0.869920511106159,"norepinephrine metabolic process",42,10063,"GO:0006584"
"hubs",FALSE,0.869920511106159,1,20,1,0.05,1,"GO:0042421","GO:BP",0.869920511106159,"norepinephrine biosynthetic process",42,10069,"GO:0042415,GO:0042423"
"hubs",FALSE,0.869920511106159,1,20,1,0.05,1,"GO:0042423","GO:BP",0.869920511106159,"catecholamine biosynthetic process",42,10071,"GO:0006584,GO:0009713,GO:0042401"
"hubs",FALSE,0.869920511106159,1,20,1,0.05,1,"GO:0060419","GO:BP",0.869920511106159,"heart growth",42,14407,"GO:0007507,GO:0035265"
"hubs",FALSE,0.869920511106159,2,20,2,0.1,1,"GO:0042471","GO:BP",0.869920511106159,"ear morphogenesis",42,10111,"GO:0043583,GO:0048562,GO:0090596"
"hubs",FALSE,0.869920511106159,1,20,1,0.05,1,"GO:0043536","GO:BP",0.869920511106159,"positive regulation of blood vessel endothelial cell migration",42,10660,"GO:0010595,GO:0043534,GO:0043535"
"hubs",FALSE,0.869920511106159,2,20,2,0.1,1,"GO:0042472","GO:BP",0.869920511106159,"inner ear morphogenesis",42,10112,"GO:0042471,GO:0048598,GO:0048839"
"hubs",FALSE,0.869920511106159,1,20,1,0.05,1,"GO:0042474","GO:BP",0.869920511106159,"middle ear morphogenesis",42,10114,"GO:0042471,GO:0048598"
"hubs",FALSE,0.869920511106159,1,20,1,0.05,1,"GO:0042476","GO:BP",0.869920511106159,"odontogenesis",42,10116,"GO:0009887"
"hubs",FALSE,0.869920511106159,1,20,1,0.05,1,"GO:0042490","GO:BP",0.869920511106159,"mechanoreceptor differentiation",42,10126,"GO:0030182"
"hubs",FALSE,0.869920511106159,1,20,1,0.05,1,"GO:0042491","GO:BP",0.869920511106159,"inner ear auditory receptor cell differentiation",42,10127,"GO:0035315,GO:0060113"
"hubs",FALSE,0.869920511106159,17,20,10,0.5,0.588235294117647,"GO:0042592","GO:BP",0.869920511106159,"homeostatic process",42,10159,"GO:0008150"
"hubs",FALSE,0.869920511106159,1,20,1,0.05,1,"GO:0060324","GO:BP",0.869920511106159,"face development",42,14327,"GO:0048856,GO:0060322"
"hubs",FALSE,0.869920511106159,1,20,1,0.05,1,"GO:0042631","GO:BP",0.869920511106159,"cellular response to water deprivation",42,10171,"GO:0009414,GO:0033554,GO:0071462"
"hubs",FALSE,0.869920511106159,1,20,1,0.05,1,"GO:0042659","GO:BP",0.869920511106159,"regulation of cell fate specification",42,10181,"GO:0001708,GO:0010453"
"hubs",FALSE,0.869920511106159,1,20,1,0.05,1,"GO:0042473","GO:BP",0.869920511106159,"outer ear morphogenesis",42,10113,"GO:0042471,GO:0048598"
"hubs",FALSE,0.869920511106159,1,20,1,0.05,1,"GO:0060421","GO:BP",0.869920511106159,"positive regulation of heart growth",42,14409,"GO:0046622,GO:0060419,GO:0060420"
"hubs",FALSE,0.869920511106159,1,20,1,0.05,1,"GO:0043542","GO:BP",0.869920511106159,"endothelial cell migration",42,10662,"GO:0016477"
"hubs",FALSE,0.869920511106159,3,20,2,0.1,0.666666666666667,"GO:0043583","GO:BP",0.869920511106159,"ear development",42,10690,"GO:0007423"
"hubs",FALSE,0.869920511106159,5,20,4,0.2,0.8,"GO:0055074","GO:BP",0.869920511106159,"calcium ion homeostasis",42,14023,"GO:0055080,GO:0098771"
"hubs",FALSE,0.869920511106159,1,20,1,0.05,1,"GO:0055064","GO:BP",0.869920511106159,"chloride ion homeostasis",42,14020,"GO:0055081,GO:0098771"
"hubs",FALSE,0.869920511106159,1,20,1,0.05,1,"GO:0055057","GO:BP",0.869920511106159,"neuroblast division",42,14014,"GO:0007405,GO:0051301"
"hubs",FALSE,0.869920511106159,3,20,2,0.1,0.666666666666667,"GO:0045664","GO:BP",0.869920511106159,"regulation of neuron differentiation",42,11353,"GO:0030182,GO:0045595"
"hubs",FALSE,0.869920511106159,1,20,1,0.05,1,"GO:0055023","GO:BP",0.869920511106159,"positive regulation of cardiac muscle tissue growth",42,14005,"GO:0055017,GO:0055021,GO:0060421"
"hubs",FALSE,0.869920511106159,1,20,1,0.05,1,"GO:0045666","GO:BP",0.869920511106159,"positive regulation of neuron differentiation",42,11355,"GO:0030182,GO:0045597,GO:0045664"
"hubs",FALSE,0.869920511106159,1,20,1,0.05,1,"GO:0045740","GO:BP",0.869920511106159,"positive regulation of DNA replication",42,11418,"GO:0006260,GO:0006275,GO:0051054"
"hubs",FALSE,0.869920511106159,1,20,1,0.05,1,"GO:0045776","GO:BP",0.869920511106159,"negative regulation of blood pressure",42,11448,"GO:0008217"
"hubs",FALSE,0.869920511106159,1,20,1,0.05,1,"GO:0045778","GO:BP",0.869920511106159,"positive regulation of ossification",42,11450,"GO:0001503,GO:0030278,GO:0051240"
"hubs",FALSE,0.869920511106159,1,20,1,0.05,1,"GO:0055021","GO:BP",0.869920511106159,"regulation of cardiac muscle tissue growth",42,14003,"GO:0055017,GO:0060420"
"hubs",FALSE,0.869920511106159,1,20,1,0.05,1,"GO:0055017","GO:BP",0.869920511106159,"cardiac muscle tissue growth",42,13999,"GO:0048589,GO:0048738,GO:0060419"
"hubs",FALSE,0.869920511106159,1,20,1,0.05,1,"GO:0051963","GO:BP",0.869920511106159,"regulation of synapse assembly",42,13838,"GO:0007416,GO:0050807,GO:1901888"
"hubs",FALSE,0.869920511106159,1,20,1,0.05,1,"GO:0051905","GO:BP",0.869920511106159,"establishment of pigment granule localization",42,13794,"GO:0051650,GO:0051875"
"hubs",FALSE,0.869920511106159,1,20,1,0.05,1,"GO:0051904","GO:BP",0.869920511106159,"pigment granule transport",42,13793,"GO:0006810,GO:0051875,GO:0051905"
"hubs",FALSE,0.869920511106159,1,20,1,0.05,1,"GO:0051898","GO:BP",0.869920511106159,"negative regulation of phosphatidylinositol 3-kinase/protein kinase B signal transduction",42,13788,"GO:0043491,GO:0051896,GO:1902532"
"hubs",FALSE,0.869920511106159,1,20,1,0.05,1,"GO:0045926","GO:BP",0.869920511106159,"negative regulation of growth",42,11558,"GO:0040007,GO:0040008,GO:0048519"
"hubs",FALSE,0.869920511106159,1,20,1,0.05,1,"GO:0051875","GO:BP",0.869920511106159,"pigment granule localization",42,13768,"GO:0033059,GO:0051648"
"hubs",FALSE,0.869920511106159,3,20,2,0.1,0.666666666666667,"GO:0045494","GO:BP",0.869920511106159,"photoreceptor cell maintenance",42,11251,"GO:0001895,GO:0032501"
"hubs",FALSE,0.869920511106159,3,20,2,0.1,0.666666666666667,"GO:0045444","GO:BP",0.869920511106159,"fat cell differentiation",42,11215,"GO:0030154"
"hubs",FALSE,0.869920511106159,5,20,3,0.15,0.6,"GO:0045216","GO:BP",0.869920511106159,"cell-cell junction organization",42,11173,"GO:0034330"
"hubs",FALSE,0.869920511106159,6,20,4,0.2,0.666666666666667,"GO:0045184","GO:BP",0.869920511106159,"establishment of protein localization",42,11159,"GO:0008104,GO:0051234"
"hubs",FALSE,0.869920511106159,1,20,1,0.05,1,"GO:0043584","GO:BP",0.869920511106159,"nose development",42,10691,"GO:0007423,GO:0060541"
"hubs",FALSE,0.869920511106159,1,20,1,0.05,1,"GO:2001236","GO:BP",0.869920511106159,"regulation of extrinsic apoptotic signaling pathway",42,25971,"GO:0097191,GO:2001233"
"hubs",FALSE,0.869920511106159,1,20,1,0.05,1,"GO:0060026","GO:BP",0.869920511106159,"convergent extension",42,14082,"GO:0002009"
"hubs",FALSE,0.869920511106159,1,20,1,0.05,1,"GO:0044060","GO:BP",0.869920511106159,"regulation of endocrine process",42,10798,"GO:0044057,GO:0050886"
"hubs",FALSE,0.869920511106159,13,20,9,0.45,0.692307692307692,"GO:0044085","GO:BP",0.869920511106159,"cellular component biogenesis",42,10811,"GO:0071840"
"hubs",FALSE,0.869920511106159,3,20,2,0.1,0.666666666666667,"GO:0044087","GO:BP",0.869920511106159,"regulation of cellular component biogenesis",42,10812,"GO:0044085,GO:0050794"
"hubs",FALSE,0.869920511106159,3,20,2,0.1,0.666666666666667,"GO:0055123","GO:BP",0.869920511106159,"digestive system development",42,14055,"GO:0048731"
"hubs",FALSE,0.869920511106159,1,20,1,0.05,1,"GO:0044092","GO:BP",0.869920511106159,"negative regulation of molecular function",42,10817,"GO:0065009"
"hubs",FALSE,0.869920511106159,1,20,1,0.05,1,"GO:0060027","GO:BP",0.869920511106159,"convergent extension involved in gastrulation",42,14083,"GO:0007369,GO:0048598,GO:0060026"
"hubs",FALSE,0.869920511106159,1,20,1,0.05,1,"GO:0055094","GO:BP",0.869920511106159,"response to lipoprotein particle",42,14037,"GO:0009719,GO:1901698"
"hubs",FALSE,0.869920511106159,1,20,1,0.05,1,"GO:0055081","GO:BP",0.869920511106159,"monoatomic anion homeostasis",42,14027,"GO:0050801"
"hubs",FALSE,0.869920511106159,1,20,1,0.05,1,"GO:0044320","GO:BP",0.869920511106159,"cellular response to leptin stimulus",42,10857,"GO:0032870,GO:0044321"
"hubs",FALSE,0.869920511106159,1,20,1,0.05,1,"GO:0044321","GO:BP",0.869920511106159,"response to leptin",42,10858,"GO:0009725"
"hubs",FALSE,0.869920511106159,3,20,2,0.1,0.666666666666667,"GO:0044344","GO:BP",0.869920511106159,"cellular response to fibroblast growth factor stimulus",42,10865,"GO:0071363,GO:0071774"
"hubs",FALSE,0.869920511106159,1,20,1,0.05,1,"GO:0044458","GO:BP",0.869920511106159,"motile cilium assembly",42,10893,"GO:0060271"
"hubs",FALSE,0.869920511106159,5,20,5,0.25,1,"GO:0044782","GO:BP",0.869920511106159,"cilium organization",42,11008,"GO:0006996,GO:0120036"
"hubs",FALSE,0.869920511106159,1,20,1,0.05,1,"GO:0044786","GO:BP",0.869920511106159,"cell cycle DNA replication",42,11011,"GO:0006261,GO:0022402"
"hubs",FALSE,0.869920511106159,9,20,6,0.3,0.666666666666667,"GO:0055080","GO:BP",0.869920511106159,"monoatomic cation homeostasis",42,14026,"GO:0050801"
"hubs",FALSE,0.869920511106159,11,20,7,0.35,0.636363636363636,"GO:0055085","GO:BP",0.869920511106159,"transmembrane transport",42,14029,"GO:0006810,GO:0009987"
"hubs",FALSE,0.869920511106159,1,20,1,0.05,1,"GO:0021544","GO:BP",0.869920511106159,"subpallium development",42,6096,"GO:0021537,GO:0048856"
"hubs",FALSE,0.869920511106159,1,20,1,0.05,1,"GO:0071462","GO:BP",0.869920511106159,"cellular response to water stimulus",42,16464,"GO:0009415,GO:0071214,GO:0071229,GO:1901701"
"hubs",FALSE,0.869920511106159,4,20,3,0.15,0.75,"GO:0071774","GO:BP",0.869920511106159,"response to fibroblast growth factor",42,16672,"GO:0070848"
"hubs",FALSE,0.869920511106159,20,20,12,0.6,0.6,"GO:0006810","GO:BP",0.869920511106159,"transport",42,2482,"GO:0051234"
"hubs",FALSE,0.869920511106159,10,20,6,0.3,0.6,"GO:0006811","GO:BP",0.869920511106159,"monoatomic ion transport",42,2483,"GO:0006810"
"hubs",FALSE,0.869920511106159,8,20,6,0.3,0.75,"GO:0006812","GO:BP",0.869920511106159,"monoatomic cation transport",42,2484,"GO:0006811"
"hubs",FALSE,0.869920511106159,4,20,3,0.15,0.75,"GO:0006813","GO:BP",0.869920511106159,"potassium ion transport",42,2485,"GO:0030001"
"hubs",FALSE,0.869920511106159,2,20,2,0.1,1,"GO:0006814","GO:BP",0.869920511106159,"sodium ion transport",42,2486,"GO:0030001"
"hubs",FALSE,0.869920511106159,1,20,1,0.05,1,"GO:1900212","GO:BP",0.869920511106159,"negative regulation of mesenchymal cell apoptotic process involved in metanephros development",42,20221,"GO:1900200,GO:1900211,GO:1904746,GO:2001054"
"hubs",FALSE,0.869920511106159,1,20,1,0.05,1,"GO:0006817","GO:BP",0.869920511106159,"phosphate ion transport",42,2488,"GO:0015698"
"hubs",FALSE,0.869920511106159,4,20,3,0.15,0.75,"GO:0006820","GO:BP",0.869920511106159,"monoatomic anion transport",42,2489,"GO:0006811"
"hubs",FALSE,0.869920511106159,4,20,3,0.15,0.75,"GO:0006821","GO:BP",0.869920511106159,"chloride transport",42,2490,"GO:0006820,GO:0015698"
"hubs",FALSE,0.869920511106159,1,20,1,0.05,1,"GO:1900211","GO:BP",0.869920511106159,"regulation of mesenchymal cell apoptotic process involved in metanephros development",42,20220,"GO:1900200,GO:1904748,GO:2001053"
"hubs",FALSE,0.869920511106159,1,20,1,0.05,1,"GO:0006858","GO:BP",0.869920511106159,"extracellular transport",42,2513,"GO:0006810"
"hubs",FALSE,0.869920511106159,5,20,3,0.15,0.6,"GO:0006873","GO:BP",0.869920511106159,"intracellular monoatomic ion homeostasis",42,2522,"GO:0050801,GO:0055082"
"hubs",FALSE,0.869920511106159,3,20,2,0.1,0.666666666666667,"GO:0006874","GO:BP",0.869920511106159,"intracellular calcium ion homeostasis",42,2523,"GO:0030003,GO:0055074"
"hubs",FALSE,0.869920511106159,1,20,1,0.05,1,"GO:0006884","GO:BP",0.869920511106159,"cell volume homeostasis",42,2529,"GO:0008361,GO:0019725"
"hubs",FALSE,0.869920511106159,1,20,1,0.05,1,"GO:0006892","GO:BP",0.869920511106159,"post-Golgi vesicle-mediated transport",42,2536,"GO:0048193"
"hubs",FALSE,0.869920511106159,1,20,1,0.05,1,"GO:0006893","GO:BP",0.869920511106159,"Golgi to plasma membrane transport",42,2537,"GO:0006892,GO:0098876"
"hubs",FALSE,0.869920511106159,1,20,1,0.05,1,"GO:1900200","GO:BP",0.869920511106159,"mesenchymal cell apoptotic process involved in metanephros development",42,20212,"GO:0001656,GO:0097152,GO:1902742"
"hubs",FALSE,0.869920511106159,1,20,1,0.05,1,"GO:1901145","GO:BP",0.869920511106159,"mesenchymal cell apoptotic process involved in nephron morphogenesis",42,20976,"GO:0060561,GO:0072028,GO:0097152"
"hubs",FALSE,0.869920511106159,3,20,2,0.1,0.666666666666667,"GO:0006935","GO:BP",0.869920511106159,"chemotaxis",42,2563,"GO:0042221,GO:0042330"
"hubs",FALSE,0.869920511106159,1,20,1,0.05,1,"GO:1901146","GO:BP",0.869920511106159,"mesenchymal cell apoptotic process involved in mesonephric nephron morphogenesis",42,20977,"GO:0061228,GO:1901145"
"hubs",FALSE,0.869920511106159,1,20,1,0.05,1,"GO:0006766","GO:BP",0.869920511106159,"vitamin metabolic process",42,2447,"GO:0044281"
"hubs",FALSE,0.869920511106159,1,20,1,0.05,1,"GO:1902969","GO:BP",0.869920511106159,"mitotic DNA replication",42,22343,"GO:0033260,GO:1903047"
"hubs",FALSE,0.869920511106159,1,20,1,0.05,1,"GO:1902850","GO:BP",0.869920511106159,"microtubule cytoskeleton organization involved in mitosis",42,22253,"GO:0000226,GO:1903047"
"hubs",FALSE,0.869920511106159,1,20,1,0.05,1,"GO:1902742","GO:BP",0.869920511106159,"apoptotic process involved in development",42,22163,"GO:0006915,GO:0048856"
"hubs",FALSE,0.869920511106159,1,20,1,0.05,1,"GO:0006260","GO:BP",0.869920511106159,"DNA replication",42,2072,"GO:0006259"
"hubs",FALSE,0.869920511106159,1,20,1,0.05,1,"GO:0006261","GO:BP",0.869920511106159,"DNA-templated DNA replication",42,2073,"GO:0006260"
"hubs",FALSE,0.869920511106159,1,20,1,0.05,1,"GO:0006275","GO:BP",0.869920511106159,"regulation of DNA replication",42,2083,"GO:0006260,GO:0051052"
"hubs",FALSE,0.869920511106159,4,20,3,0.15,0.75,"GO:1902476","GO:BP",0.869920511106159,"chloride transmembrane transport",42,22007,"GO:0006821,GO:0098656,GO:0098661"
"hubs",FALSE,0.869920511106159,1,20,1,0.05,1,"GO:1902455","GO:BP",0.869920511106159,"negative regulation of stem cell population maintenance",42,21994,"GO:0019827,GO:0051093,GO:0051241,GO:2000036"
"hubs",FALSE,0.869920511106159,1,20,1,0.05,1,"GO:1902338","GO:BP",0.869920511106159,"negative regulation of apoptotic process involved in morphogenesis",42,21919,"GO:0060561,GO:1902337,GO:1904746"
"hubs",FALSE,0.869920511106159,1,20,1,0.05,1,"GO:1902337","GO:BP",0.869920511106159,"regulation of apoptotic process involved in morphogenesis",42,21918,"GO:0060561,GO:1904748"
"hubs",FALSE,0.869920511106159,1,20,1,0.05,1,"GO:1902115","GO:BP",0.869920511106159,"regulation of organelle assembly",42,21740,"GO:0033043,GO:0044087,GO:0070925"
"hubs",FALSE,0.869920511106159,1,20,1,0.05,1,"GO:1902074","GO:BP",0.869920511106159,"response to salt",42,21705,"GO:0042221"
"hubs",FALSE,0.869920511106159,1,20,1,0.05,1,"GO:0006576","GO:BP",0.869920511106159,"biogenic amine metabolic process",42,2287,"GO:0009308"
"hubs",FALSE,0.869920511106159,1,20,1,0.05,1,"GO:0006584","GO:BP",0.869920511106159,"catecholamine metabolic process",42,2295,"GO:0006576,GO:0009712"
"hubs",FALSE,0.869920511106159,1,20,1,0.05,1,"GO:1902019","GO:BP",0.869920511106159,"regulation of cilium-dependent cell motility",42,21659,"GO:0060285,GO:2000145"
"hubs",FALSE,0.869920511106159,3,20,2,0.1,0.666666666666667,"GO:1901888","GO:BP",0.869920511106159,"regulation of cell junction assembly",42,21547,"GO:0034329,GO:0044087,GO:0051128"
"hubs",FALSE,0.869920511106159,1,20,1,0.05,1,"GO:1901653","GO:BP",0.869920511106159,"cellular response to peptide",42,21339,"GO:0070887,GO:1901652"
"hubs",FALSE,0.869920511106159,1,20,1,0.05,1,"GO:0006775","GO:BP",0.869920511106159,"fat-soluble vitamin metabolic process",42,2453,"GO:0006766"
"hubs",FALSE,0.869920511106159,1,20,1,0.05,1,"GO:1903463","GO:BP",0.869920511106159,"regulation of mitotic cell cycle DNA replication",42,22699,"GO:0007346,GO:0033262,GO:1902969"
"hubs",FALSE,0.869920511106159,3,20,2,0.1,0.666666666666667,"GO:0006936","GO:BP",0.869920511106159,"muscle contraction",42,2564,"GO:0003012"
"hubs",FALSE,0.869920511106159,9,20,5,0.25,0.555555555555556,"GO:0141124","GO:BP",0.869920511106159,"intracellular signaling cassette",42,19772,"GO:0035556"
"hubs",FALSE,0.869920511106159,1,20,1,0.05,1,"GO:0007281","GO:BP",0.869920511106159,"germ cell development",42,2793,"GO:0003006,GO:0007276,GO:0022412,GO:0048468"
"hubs",FALSE,0.869920511106159,3,20,2,0.1,0.666666666666667,"GO:0007283","GO:BP",0.869920511106159,"spermatogenesis",42,2795,"GO:0003006,GO:0048232"
"hubs",FALSE,0.869920511106159,1,20,1,0.05,1,"GO:0007286","GO:BP",0.869920511106159,"spermatid development",42,2798,"GO:0007281,GO:0048515"
"hubs",FALSE,0.869920511106159,1,20,1,0.05,1,"GO:0007288","GO:BP",0.869920511106159,"sperm axoneme assembly",42,2800,"GO:0003006,GO:0035082,GO:0120316"
"hubs",FALSE,0.869920511106159,4,20,3,0.15,0.75,"GO:0099587","GO:BP",0.869920511106159,"inorganic ion import across plasma membrane",42,18901,"GO:0098660,GO:0098739"
"hubs",FALSE,0.869920511106159,1,20,1,0.05,1,"GO:0099505","GO:BP",0.869920511106159,"regulation of presynaptic membrane potential",42,18850,"GO:0042391"
"hubs",FALSE,0.869920511106159,5,20,3,0.15,0.6,"GO:0007389","GO:BP",0.869920511106159,"pattern specification process",42,2875,"GO:0007275,GO:0032501"
"hubs",FALSE,0.869920511106159,1,20,1,0.05,1,"GO:0099175","GO:BP",0.869920511106159,"regulation of postsynapse organization",42,18832,"GO:0050807,GO:0099173"
"hubs",FALSE,0.869920511106159,1,20,1,0.05,1,"GO:0007405","GO:BP",0.869920511106159,"neuroblast proliferation",42,2888,"GO:0048699,GO:0061351"
"hubs",FALSE,0.869920511106159,1,20,1,0.05,1,"GO:0007416","GO:BP",0.869920511106159,"synapse assembly",42,2897,"GO:0007399,GO:0034329,GO:0050808"
"hubs",FALSE,0.869920511106159,9,20,5,0.25,0.555555555555556,"GO:0007417","GO:BP",0.869920511106159,"central nervous system development",42,2898,"GO:0007399,GO:0048731"
"hubs",FALSE,0.869920511106159,8,20,5,0.25,0.625,"GO:0007420","GO:BP",0.869920511106159,"brain development",42,2901,"GO:0007417,GO:0048513,GO:0060322"
"hubs",FALSE,0.869920511106159,7,20,4,0.2,0.571428571428571,"GO:0007423","GO:BP",0.869920511106159,"sensory organ development",42,2904,"GO:0048513"
"hubs",FALSE,0.869920511106159,1,20,1,0.05,1,"GO:0007431","GO:BP",0.869920511106159,"salivary gland development",42,2912,"GO:0035272,GO:0048732"
"hubs",FALSE,0.869920511106159,1,20,1,0.05,1,"GO:0007435","GO:BP",0.869920511106159,"salivary gland morphogenesis",42,2916,"GO:0007431,GO:0022612"
"hubs",FALSE,0.869920511106159,1,20,1,0.05,1,"GO:0099151","GO:BP",0.869920511106159,"regulation of postsynaptic density assembly",42,18816,"GO:0097107,GO:0099150,GO:1904889,GO:1905874"
"hubs",FALSE,0.869920511106159,1,20,1,0.05,1,"GO:0007501","GO:BP",0.869920511106159,"mesodermal cell fate specification",42,2973,"GO:0001708,GO:0001710"
"hubs",FALSE,0.869920511106159,3,20,2,0.1,0.666666666666667,"GO:0007276","GO:BP",0.869920511106159,"gamete generation",42,2789,"GO:0019953,GO:0048609"
"hubs",FALSE,0.869920511106159,1,20,1,0.05,1,"GO:0006939","GO:BP",0.869920511106159,"smooth muscle contraction",42,2566,"GO:0006936"
"hubs",FALSE,0.869920511106159,1,20,1,0.05,1,"GO:0099625","GO:BP",0.869920511106159,"ventricular cardiac muscle cell membrane repolarization",42,18919,"GO:0099622"
"hubs",FALSE,0.869920511106159,1,20,1,0.05,1,"GO:0007219","GO:BP",0.869920511106159,"Notch signaling pathway",42,2760,"GO:0007166"
"hubs",FALSE,0.869920511106159,10,20,8,0.4,0.8,"GO:0006996","GO:BP",0.869920511106159,"organelle organization",42,2598,"GO:0016043"
"hubs",FALSE,0.869920511106159,6,20,5,0.25,0.833333333333333,"GO:0007010","GO:BP",0.869920511106159,"cytoskeleton organization",42,2609,"GO:0006996"
"hubs",FALSE,0.869920511106159,1,20,1,0.05,1,"GO:0007015","GO:BP",0.869920511106159,"actin filament organization",42,2611,"GO:0030036,GO:0097435"
"hubs",FALSE,0.869920511106159,6,20,4,0.2,0.666666666666667,"GO:0007017","GO:BP",0.869920511106159,"microtubule-based process",42,2612,"GO:0009987"
"hubs",FALSE,0.869920511106159,1,20,1,0.05,1,"GO:0120316","GO:BP",0.869920511106159,"sperm flagellum assembly",42,19356,"GO:0003006,GO:0007286,GO:0030317,GO:0044458"
"hubs",FALSE,0.869920511106159,2,20,2,0.1,1,"GO:0007098","GO:BP",0.869920511106159,"centrosome cycle",42,2668,"GO:0022402,GO:0031023"
"hubs",FALSE,0.869920511106159,1,20,1,0.05,1,"GO:0007160","GO:BP",0.869920511106159,"cell-matrix adhesion",42,2711,"GO:0031589"
"hubs",FALSE,0.869920511106159,2,20,2,0.1,1,"GO:0007163","GO:BP",0.869920511106159,"establishment or maintenance of cell polarity",42,2714,"GO:0009987"
"hubs",FALSE,0.869920511106159,2,20,2,0.1,1,"GO:0007164","GO:BP",0.869920511106159,"establishment of tissue polarity",42,2715,"GO:0009653"
"hubs",FALSE,0.869920511106159,10,20,6,0.3,0.6,"GO:0120036","GO:BP",0.869920511106159,"plasma membrane bounded cell projection organization",42,19210,"GO:0030030"
"hubs",FALSE,0.869920511106159,5,20,5,0.25,1,"GO:0120031","GO:BP",0.869920511106159,"plasma membrane bounded cell projection assembly",42,19205,"GO:0030031,GO:0120036"
"hubs",FALSE,0.869920511106159,1,20,1,0.05,1,"GO:0110110","GO:BP",0.869920511106159,"positive regulation of animal organ morphogenesis",42,19161,"GO:0009887,GO:0051094,GO:0051240,GO:2000027"
"hubs",FALSE,0.869920511106159,1,20,1,0.05,1,"GO:0104004","GO:BP",0.869920511106159,"cellular response to environmental stimulus",42,18951,"GO:0051716"
"hubs",FALSE,0.869920511106159,1,20,1,0.05,1,"GO:0101023","GO:BP",0.869920511106159,"vascular endothelial cell proliferation",42,18945,"GO:0001935"
"hubs",FALSE,0.869920511106159,1,20,1,0.05,1,"GO:0007193","GO:BP",0.869920511106159,"adenylate cyclase-inhibiting G protein-coupled receptor signaling pathway",42,2738,"GO:0007188"
"hubs",FALSE,0.869920511106159,1,20,1,0.05,1,"GO:0021543","GO:BP",0.869920511106159,"pallium development",42,6095,"GO:0021537,GO:0048856"
"hubs",FALSE,0.869920511106159,1,20,1,0.05,1,"GO:0007218","GO:BP",0.869920511106159,"neuropeptide signaling pathway",42,2759,"GO:0007186"
"hubs",FALSE,0.869920511106159,1,20,1,0.05,1,"GO:0007254","GO:BP",0.869920511106159,"JNK cascade",42,2773,"GO:0000165"
"hubs",FALSE,0.869920511106159,1,20,1,0.05,1,"GO:0099150","GO:BP",0.869920511106159,"regulation of postsynaptic specialization assembly",42,18815,"GO:0098698,GO:1902115"
"hubs",FALSE,0.869920511106159,1,20,1,0.05,1,"GO:0005513","GO:BP",0.869920511106159,"detection of calcium ion",42,1847,"GO:0009593,GO:0051592"
"hubs",FALSE,0.869920511106159,1,20,1,0.05,1,"GO:0003382","GO:BP",0.869920511106159,"epithelial cell morphogenesis",42,1795,"GO:0000902,GO:0002064"
"hubs",FALSE,0.869920511106159,1,20,1,0.05,1,"GO:2000036","GO:BP",0.869920511106159,"regulation of stem cell population maintenance",42,24962,"GO:0019827,GO:0050793,GO:0051239"
"hubs",FALSE,0.869920511106159,2,20,2,0.1,1,"GO:2000027","GO:BP",0.869920511106159,"regulation of animal organ morphogenesis",42,24953,"GO:0009887,GO:0022603"
"hubs",FALSE,0.869920511106159,2,20,2,0.1,1,"GO:0001736","GO:BP",0.869920511106159,"establishment of planar polarity",42,410,"GO:0001738,GO:0007164"
"hubs",FALSE,0.869920511106159,2,20,2,0.1,1,"GO:0001738","GO:BP",0.869920511106159,"morphogenesis of a polarized epithelium",42,412,"GO:0002009"
"hubs",FALSE,0.869920511106159,1,20,1,0.05,1,"GO:0001759","GO:BP",0.869920511106159,"organ induction",42,425,"GO:0003156,GO:0010092,GO:0031128,GO:0110110"
"hubs",FALSE,0.869920511106159,4,20,4,0.2,1,"GO:0001763","GO:BP",0.869920511106159,"morphogenesis of a branching structure",42,427,"GO:0009653,GO:0032501"
"hubs",FALSE,0.869920511106159,1,20,1,0.05,1,"GO:1990776","GO:BP",0.869920511106159,"response to angiotensin",42,24849,"GO:0043434"
"hubs",FALSE,0.869920511106159,1,20,1,0.05,1,"GO:1990705","GO:BP",0.869920511106159,"cholangiocyte proliferation",42,24825,"GO:0050673"
"hubs",FALSE,0.869920511106159,3,20,3,0.15,1,"GO:1990573","GO:BP",0.869920511106159,"potassium ion import across plasma membrane",42,24787,"GO:0071805,GO:0098659"
"hubs",FALSE,0.869920511106159,6,20,5,0.25,0.833333333333333,"GO:0001822","GO:BP",0.869920511106159,"kidney development",42,477,"GO:0048513,GO:0072001"
"hubs",FALSE,0.869920511106159,2,20,2,0.1,1,"GO:0001823","GO:BP",0.869920511106159,"mesonephros development",42,478,"GO:0001822"
"hubs",FALSE,0.869920511106159,1,20,1,0.05,1,"GO:1905874","GO:BP",0.869920511106159,"regulation of postsynaptic density organization",42,24548,"GO:0033043,GO:0097106,GO:0099175"
"hubs",FALSE,0.869920511106159,1,20,1,0.05,1,"GO:0001825","GO:BP",0.869920511106159,"blastocyst formation",42,480,"GO:0001824,GO:0048646"
"hubs",FALSE,0.869920511106159,1,20,1,0.05,1,"GO:0001826","GO:BP",0.869920511106159,"inner cell mass cell differentiation",42,481,"GO:0001825,GO:0030154"
"hubs",FALSE,0.869920511106159,1,20,1,0.05,1,"GO:1905770","GO:BP",0.869920511106159,"regulation of mesodermal cell differentiation",42,24459,"GO:0045595,GO:0048333"
"hubs",FALSE,0.869920511106159,1,20,1,0.05,1,"GO:0001838","GO:BP",0.869920511106159,"embryonic epithelial tube formation",42,493,"GO:0016331,GO:0072175"
"hubs",FALSE,0.869920511106159,1,20,1,0.05,1,"GO:1905564","GO:BP",0.869920511106159,"positive regulation of vascular endothelial cell proliferation",42,24316,"GO:0001938,GO:0101023,GO:1905562"
"hubs",FALSE,0.869920511106159,1,20,1,0.05,1,"GO:0001710","GO:BP",0.869920511106159,"mesodermal cell fate commitment",42,400,"GO:0048333,GO:0060795"
"hubs",FALSE,0.869920511106159,1,20,1,0.05,1,"GO:1905562","GO:BP",0.869920511106159,"regulation of vascular endothelial cell proliferation",42,24314,"GO:0001936,GO:0101023"
"hubs",FALSE,0.869920511106159,3,20,2,0.1,0.666666666666667,"GO:0001708","GO:BP",0.869920511106159,"cell fate specification",42,398,"GO:0045165,GO:0048869"
"hubs",FALSE,0.869920511106159,1,20,1,0.05,1,"GO:2000095","GO:BP",0.869920511106159,"regulation of Wnt signaling pathway, planar cell polarity pathway",42,25009,"GO:0060071,GO:2000050"
"hubs",FALSE,0.869920511106159,1,20,1,0.05,1,"GO:0000132","GO:BP",0.869920511106159,"establishment of mitotic spindle orientation",42,50,"GO:0040001,GO:0051294"
"hubs",FALSE,0.869920511106159,8,20,5,0.25,0.625,"GO:0000165","GO:BP",0.869920511106159,"MAPK cascade",42,55,"GO:0141124"
"hubs",FALSE,0.869920511106159,3,20,3,0.15,1,"GO:0000226","GO:BP",0.869920511106159,"microtubule cytoskeleton organization",42,61,"GO:0007010,GO:0007017"
"hubs",FALSE,0.869920511106159,1,20,1,0.05,1,"GO:2001054","GO:BP",0.869920511106159,"negative regulation of mesenchymal cell apoptotic process",42,25844,"GO:0043066,GO:0097152,GO:2001053"
"hubs",FALSE,0.869920511106159,1,20,1,0.05,1,"GO:2001053","GO:BP",0.869920511106159,"regulation of mesenchymal cell apoptotic process",42,25843,"GO:0042981,GO:0097152"
"hubs",FALSE,0.869920511106159,2,20,2,0.1,1,"GO:0001501","GO:BP",0.869920511106159,"skeletal system development",42,316,"GO:0048731"
"hubs",FALSE,0.869920511106159,1,20,1,0.05,1,"GO:2001028","GO:BP",0.869920511106159,"positive regulation of endothelial cell chemotaxis",42,25825,"GO:0010595,GO:0035767,GO:0050921,GO:2001026"
"hubs",FALSE,0.869920511106159,1,20,1,0.05,1,"GO:2001026","GO:BP",0.869920511106159,"regulation of endothelial cell chemotaxis",42,25823,"GO:0010594,GO:0035767,GO:0050920"
"hubs",FALSE,0.869920511106159,1,20,1,0.05,1,"GO:2000830","GO:BP",0.869920511106159,"positive regulation of parathyroid hormone secretion",42,25632,"GO:0035898,GO:0046887,GO:0051240,GO:2000828"
"hubs",FALSE,0.869920511106159,1,20,1,0.05,1,"GO:2000828","GO:BP",0.869920511106159,"regulation of parathyroid hormone secretion",42,25630,"GO:0035898,GO:0044060,GO:0046883"
"hubs",FALSE,0.869920511106159,1,20,1,0.05,1,"GO:0001578","GO:BP",0.869920511106159,"microtubule bundle formation",42,359,"GO:0000226"
"hubs",FALSE,0.869920511106159,1,20,1,0.05,1,"GO:2000648","GO:BP",0.869920511106159,"positive regulation of stem cell proliferation",42,25483,"GO:0008284,GO:0072089,GO:0072091"
"hubs",FALSE,0.869920511106159,2,20,2,0.1,1,"GO:0001656","GO:BP",0.869920511106159,"metanephros development",42,368,"GO:0001822"
"hubs",FALSE,0.869920511106159,2,20,2,0.1,1,"GO:0001657","GO:BP",0.869920511106159,"ureteric bud development",42,369,"GO:0072164"
"hubs",FALSE,0.869920511106159,1,20,1,0.05,1,"GO:0001658","GO:BP",0.869920511106159,"branching involved in ureteric bud morphogenesis",42,370,"GO:0048754,GO:0060675"
"hubs",FALSE,0.869920511106159,3,20,2,0.1,0.666666666666667,"GO:0001701","GO:BP",0.869920511106159,"in utero embryonic development",42,391,"GO:0043009"
"hubs",FALSE,0.869920511106159,1,20,1,0.05,1,"GO:2000105","GO:BP",0.869920511106159,"positive regulation of DNA-templated DNA replication",42,25019,"GO:0006261,GO:0045740,GO:0090329"
"hubs",FALSE,0.869920511106159,1,20,1,0.05,1,"GO:2000050","GO:BP",0.869920511106159,"regulation of non-canonical Wnt signaling pathway",42,24973,"GO:0030111,GO:0035567"
"hubs",FALSE,0.869920511106159,1,20,1,0.05,1,"GO:0003401","GO:BP",0.869920511106159,"axis elongation",42,1813,"GO:0060560"
"hubs",FALSE,0.869920511106159,3,20,2,0.1,0.666666666666667,"GO:0001895","GO:BP",0.869920511106159,"retina homeostasis",42,518,"GO:0001894"
"hubs",FALSE,0.869920511106159,1,20,1,0.05,1,"GO:1905330","GO:BP",0.869920511106159,"regulation of morphogenesis of an epithelium",42,24150,"GO:0002009,GO:0022603"
"hubs",FALSE,0.869920511106159,1,20,1,0.05,1,"GO:1904383","GO:BP",0.869920511106159,"response to sodium phosphate",42,23407,"GO:1902074"
"hubs",FALSE,0.869920511106159,1,20,1,0.05,1,"GO:1904054","GO:BP",0.869920511106159,"regulation of cholangiocyte proliferation",42,23138,"GO:0050678,GO:1990705"
"hubs",FALSE,0.869920511106159,1,20,1,0.05,1,"GO:1904044","GO:BP",0.869920511106159,"response to aldosterone",42,23129,"GO:0051385,GO:0097305,GO:1901654"
"hubs",FALSE,0.869920511106159,1,20,1,0.05,1,"GO:1903830","GO:BP",0.869920511106159,"magnesium ion transmembrane transport",42,22970,"GO:0015693,GO:0098655,GO:0098662"
"hubs",FALSE,0.869920511106159,1,20,1,0.05,1,"GO:0003085","GO:BP",0.869920511106159,"negative regulation of systemic arterial blood pressure",42,1527,"GO:0003073,GO:0045776"
"hubs",FALSE,0.869920511106159,2,20,2,0.1,1,"GO:0003096","GO:BP",0.869920511106159,"renal sodium ion transport",42,1538,"GO:0003014,GO:0006814"
"hubs",FALSE,0.869920511106159,1,20,1,0.05,1,"GO:0003097","GO:BP",0.869920511106159,"renal water transport",42,1539,"GO:0003014,GO:0003091,GO:0006833"
"hubs",FALSE,0.869920511106159,1,20,1,0.05,1,"GO:0003143","GO:BP",0.869920511106159,"embryonic heart tube morphogenesis",42,1573,"GO:0003007,GO:0035050,GO:0048562,GO:0048598,GO:0060562"
"hubs",FALSE,0.869920511106159,1,20,1,0.05,1,"GO:0003156","GO:BP",0.869920511106159,"regulation of animal organ formation",42,1584,"GO:0048645,GO:2000027"
"hubs",FALSE,0.869920511106159,1,20,1,0.05,1,"GO:0003205","GO:BP",0.869920511106159,"cardiac chamber development",42,1633,"GO:0007507,GO:0048856"
"hubs",FALSE,0.869920511106159,1,20,1,0.05,1,"GO:0003230","GO:BP",0.869920511106159,"cardiac atrium development",42,1658,"GO:0003205"
"hubs",FALSE,0.869920511106159,1,20,1,0.05,1,"GO:0003279","GO:BP",0.869920511106159,"cardiac septum development",42,1701,"GO:0003205,GO:0048856"
"hubs",FALSE,0.869920511106159,1,20,1,0.05,1,"GO:0003283","GO:BP",0.869920511106159,"atrial septum development",42,1704,"GO:0003230,GO:0003279"
"hubs",FALSE,0.869920511106159,1,20,1,0.05,1,"GO:1903465","GO:BP",0.869920511106159,"positive regulation of mitotic cell cycle DNA replication",42,22701,"GO:0010571,GO:0045931,GO:1902969,GO:1903463"
"hubs",FALSE,0.869920511106159,1,20,1,0.05,1,"GO:0003351","GO:BP",0.869920511106159,"epithelial cilium movement involved in extracellular fluid movement",42,1769,"GO:0003341,GO:0006858,GO:0099111"
"hubs",FALSE,0.869920511106159,1,20,1,0.05,1,"GO:0003352","GO:BP",0.869920511106159,"regulation of cilium movement",42,1770,"GO:0003341,GO:0060632"
"hubs",FALSE,0.869920511106159,1,20,1,0.05,1,"GO:0003356","GO:BP",0.869920511106159,"regulation of cilium beat frequency",42,1774,"GO:0003352"
"hubs",FALSE,0.869920511106159,3,20,2,0.1,0.666666666666667,"GO:0003012","GO:BP",0.869920511106159,"muscle system process",42,1461,"GO:0003008"
"hubs",FALSE,0.869920511106159,2,20,2,0.1,1,"GO:1905515","GO:BP",0.869920511106159,"non-motile cilium assembly",42,24275,"GO:0060271"
"hubs",FALSE,0.869920511106159,21,20,11,0.55,0.523809523809524,"GO:0003008","GO:BP",0.869920511106159,"system process",42,1457,"GO:0032501"
"hubs",FALSE,0.869920511106159,8,20,5,0.25,0.625,"GO:0003006","GO:BP",0.869920511106159,"developmental process involved in reproduction",42,1455,"GO:0022414,GO:0032502"
"hubs",FALSE,0.869920511106159,1,20,1,0.05,1,"GO:0001935","GO:BP",0.869920511106159,"endothelial cell proliferation",42,547,"GO:0050673"
"hubs",FALSE,0.869920511106159,1,20,1,0.05,1,"GO:0001936","GO:BP",0.869920511106159,"regulation of endothelial cell proliferation",42,548,"GO:0001935,GO:0050678"
"hubs",FALSE,0.869920511106159,1,20,1,0.05,1,"GO:0001938","GO:BP",0.869920511106159,"positive regulation of endothelial cell proliferation",42,550,"GO:0001935,GO:0001936,GO:0050679"
"hubs",FALSE,0.869920511106159,1,20,1,0.05,1,"GO:0001947","GO:BP",0.869920511106159,"heart looping",42,556,"GO:0003143,GO:0061371"
"hubs",FALSE,0.869920511106159,1,20,1,0.05,1,"GO:0001952","GO:BP",0.869920511106159,"regulation of cell-matrix adhesion",42,559,"GO:0007160,GO:0010810"
"hubs",FALSE,0.869920511106159,7,20,7,0.35,1,"GO:0002009","GO:BP",0.869920511106159,"morphogenesis of an epithelium",42,610,"GO:0048729,GO:0060429"
"hubs",FALSE,0.869920511106159,1,20,1,0.05,1,"GO:0002021","GO:BP",0.869920511106159,"response to dietary excess",42,621,"GO:0031667,GO:0097009"
"hubs",FALSE,0.869920511106159,1,20,1,0.05,1,"GO:1904889","GO:BP",0.869920511106159,"regulation of excitatory synapse assembly",42,23808,"GO:0051963,GO:1904861"
"hubs",FALSE,0.869920511106159,1,20,1,0.05,1,"GO:0002053","GO:BP",0.869920511106159,"positive regulation of mesenchymal cell proliferation",42,650,"GO:0008284,GO:0010463,GO:0010464"
"hubs",FALSE,0.869920511106159,1,20,1,0.05,1,"GO:0002062","GO:BP",0.869920511106159,"chondrocyte differentiation",42,651,"GO:0030154,GO:0051216"
"hubs",FALSE,0.869920511106159,1,20,1,0.05,1,"GO:0002064","GO:BP",0.869920511106159,"epithelial cell development",42,653,"GO:0030855,GO:0048468"
"hubs",FALSE,0.869920511106159,1,20,1,0.05,1,"GO:1904861","GO:BP",0.869920511106159,"excitatory synapse assembly",42,23783,"GO:0007416"
"hubs",FALSE,0.869920511106159,1,20,1,0.05,1,"GO:1904748","GO:BP",0.869920511106159,"regulation of apoptotic process involved in development",42,23693,"GO:0042981,GO:0050793,GO:1902742"
"hubs",FALSE,0.869920511106159,1,20,1,0.05,1,"GO:1904746","GO:BP",0.869920511106159,"negative regulation of apoptotic process involved in development",42,23691,"GO:0043066,GO:0051093,GO:1902742,GO:1904748"
"hubs",FALSE,0.869920511106159,1,20,1,0.05,1,"GO:1904673","GO:BP",0.869920511106159,"negative regulation of somatic stem cell population maintenance",42,23634,"GO:0035019,GO:1902455,GO:1904672"
"hubs",FALSE,0.869920511106159,1,20,1,0.05,1,"GO:0002931","GO:BP",0.869920511106159,"response to ischemia",42,1437,"GO:0006950"
"hubs",FALSE,0.869920511106159,5,20,3,0.15,0.6,"GO:0003002","GO:BP",0.869920511106159,"regionalization",42,1451,"GO:0007389"
"hubs",FALSE,0.869920511106159,1,20,1,0.05,1,"GO:1904672","GO:BP",0.869920511106159,"regulation of somatic stem cell population maintenance",42,23633,"GO:0035019,GO:2000036"
"hubs",FALSE,0.869920511106159,1,20,1,0.05,1,"GO:0099111","GO:BP",0.869920511106159,"microtubule-based transport",42,18793,"GO:0006810"
"hubs",FALSE,0.869920511106159,1,20,1,0.05,1,"GO:0007200","GO:BP",0.869920511106159,"phospholipase C-activating G protein-coupled receptor signaling pathway",42,2745,"GO:0007186"
"hubs",FALSE,0.869920511106159,2,20,2,0.1,1,"GO:0007584","GO:BP",0.869920511106159,"response to nutrient",42,3032,"GO:0031667,GO:0042221"
"hubs",FALSE,0.869920511106159,1,20,1,0.05,1,"GO:0010594","GO:BP",0.869920511106159,"regulation of endothelial cell migration",42,4225,"GO:0030334,GO:0043542"
"hubs",FALSE,0.869920511106159,1,20,1,0.05,1,"GO:0010595","GO:BP",0.869920511106159,"positive regulation of endothelial cell migration",42,4226,"GO:0010594,GO:0030335,GO:0043542"
"hubs",FALSE,0.869920511106159,1,20,1,0.05,1,"GO:0072189","GO:BP",0.869920511106159,"ureter development",42,16986,"GO:0035295,GO:0048513,GO:0072001"
"hubs",FALSE,0.869920511106159,1,20,1,0.05,1,"GO:0072181","GO:BP",0.869920511106159,"mesonephric duct formation",42,16978,"GO:0072172,GO:0072179,GO:0072180"
"hubs",FALSE,0.869920511106159,1,20,1,0.05,1,"GO:0072180","GO:BP",0.869920511106159,"mesonephric duct morphogenesis",42,16977,"GO:0072171,GO:0072177,GO:0072178"
"hubs",FALSE,0.869920511106159,1,20,1,0.05,1,"GO:0072179","GO:BP",0.869920511106159,"nephric duct formation",42,16976,"GO:0072175,GO:0072178"
"hubs",FALSE,0.869920511106159,1,20,1,0.05,1,"GO:0010639","GO:BP",0.869920511106159,"negative regulation of organelle organization",42,4268,"GO:0006996,GO:0033043,GO:0051129"
"hubs",FALSE,0.869920511106159,1,20,1,0.05,1,"GO:0010571","GO:BP",0.869920511106159,"positive regulation of nuclear cell cycle DNA replication",42,4207,"GO:0033260,GO:0033262,GO:0090068,GO:2000105"
"hubs",FALSE,0.869920511106159,1,20,1,0.05,1,"GO:0072178","GO:BP",0.869920511106159,"nephric duct morphogenesis",42,16975,"GO:0060562,GO:0072176"
"hubs",FALSE,0.869920511106159,1,20,1,0.05,1,"GO:0072176","GO:BP",0.869920511106159,"nephric duct development",42,16973,"GO:0035295,GO:0072073"
"hubs",FALSE,0.869920511106159,1,20,1,0.05,1,"GO:0010810","GO:BP",0.869920511106159,"regulation of cell-substrate adhesion",42,4405,"GO:0030155,GO:0031589"
"hubs",FALSE,0.869920511106159,7,20,4,0.2,0.571428571428571,"GO:0010817","GO:BP",0.869920511106159,"regulation of hormone levels",42,4412,"GO:0065008"
"hubs",FALSE,0.869920511106159,2,20,2,0.1,1,"GO:0010824","GO:BP",0.869920511106159,"regulation of centrosome duplication",42,4417,"GO:0046605,GO:0051298"
"hubs",FALSE,0.869920511106159,1,20,1,0.05,1,"GO:0010826","GO:BP",0.869920511106159,"negative regulation of centrosome duplication",42,4419,"GO:0010824,GO:0046606,GO:0051298"
"hubs",FALSE,0.869920511106159,2,20,2,0.1,1,"GO:0072175","GO:BP",0.869920511106159,"epithelial tube formation",42,16972,"GO:0035148,GO:0060562"
"hubs",FALSE,0.869920511106159,1,20,1,0.05,1,"GO:0072172","GO:BP",0.869920511106159,"mesonephric tubule formation",42,16969,"GO:0072079,GO:0072171"
"hubs",FALSE,0.869920511106159,1,20,1,0.05,1,"GO:0072177","GO:BP",0.869920511106159,"mesonephric duct development",42,16974,"GO:0072164,GO:0072176"
"hubs",FALSE,0.869920511106159,1,20,1,0.05,1,"GO:0010966","GO:BP",0.869920511106159,"regulation of phosphate transport",42,4522,"GO:0006817,GO:0051049"
"hubs",FALSE,0.869920511106159,1,20,1,0.05,1,"GO:0072205","GO:BP",0.869920511106159,"metanephric collecting duct development",42,17002,"GO:0001656,GO:0072044"
"hubs",FALSE,0.869920511106159,1,20,1,0.05,1,"GO:0010518","GO:BP",0.869920511106159,"positive regulation of phospholipase activity",42,4176,"GO:0010517,GO:0060193"
"hubs",FALSE,0.869920511106159,1,20,1,0.05,1,"GO:0086066","GO:BP",0.869920511106159,"atrial cardiac muscle cell to AV node cell communication",42,17685,"GO:0086065"
"hubs",FALSE,0.869920511106159,1,20,1,0.05,1,"GO:0009913","GO:BP",0.869920511106159,"epidermal cell differentiation",42,3754,"GO:0008544,GO:0030855"
"hubs",FALSE,0.869920511106159,5,20,3,0.15,0.6,"GO:0009914","GO:BP",0.869920511106159,"hormone transport",42,3755,"GO:0006810,GO:0010817"
"hubs",FALSE,0.869920511106159,1,20,1,0.05,1,"GO:0086026","GO:BP",0.869920511106159,"atrial cardiac muscle cell to AV node cell signaling",42,17662,"GO:0086019,GO:0086066"
"hubs",FALSE,0.869920511106159,1,20,1,0.05,1,"GO:0086014","GO:BP",0.869920511106159,"atrial cardiac muscle cell action potential",42,17653,"GO:0086002,GO:0086026"
"hubs",FALSE,0.869920511106159,1,20,1,0.05,1,"GO:0086013","GO:BP",0.869920511106159,"membrane repolarization during cardiac muscle cell action potential",42,17652,"GO:0086001,GO:0086011,GO:0099622"
"hubs",FALSE,0.869920511106159,1,20,1,0.05,1,"GO:0086011","GO:BP",0.869920511106159,"membrane repolarization during action potential",42,17650,"GO:0001508,GO:0086009"
"hubs",FALSE,0.869920511106159,1,20,1,0.05,1,"GO:0072659","GO:BP",0.869920511106159,"protein localization to plasma membrane",42,17246,"GO:0072657,GO:1990778"
"hubs",FALSE,0.869920511106159,5,20,4,0.2,0.8,"GO:0010038","GO:BP",0.869920511106159,"response to metal ion",42,3832,"GO:0042221"
"hubs",FALSE,0.869920511106159,1,20,1,0.05,1,"GO:0010453","GO:BP",0.869920511106159,"regulation of cell fate commitment",42,4133,"GO:0045165,GO:0050793,GO:0050794"
"hubs",FALSE,0.869920511106159,1,20,1,0.05,1,"GO:0010463","GO:BP",0.869920511106159,"mesenchymal cell proliferation",42,4141,"GO:0008283"
"hubs",FALSE,0.869920511106159,1,20,1,0.05,1,"GO:0010464","GO:BP",0.869920511106159,"regulation of mesenchymal cell proliferation",42,4142,"GO:0010463,GO:0042127"
"hubs",FALSE,0.869920511106159,3,20,2,0.1,0.666666666666667,"GO:0007548","GO:BP",0.869920511106159,"sex differentiation",42,3015,"GO:0003006"
"hubs",FALSE,0.869920511106159,1,20,1,0.05,1,"GO:0086005","GO:BP",0.869920511106159,"ventricular cardiac muscle cell action potential",42,17647,"GO:0086002"
"hubs",FALSE,0.869920511106159,1,20,1,0.05,1,"GO:0010496","GO:BP",0.869920511106159,"intercellular transport",42,4159,"GO:0006810,GO:0009987"
"hubs",FALSE,0.869920511106159,1,20,1,0.05,1,"GO:0010517","GO:BP",0.869920511106159,"regulation of phospholipase activity",42,4175,"GO:0051336"
"hubs",FALSE,0.869920511106159,1,20,1,0.05,1,"GO:0010092","GO:BP",0.869920511106159,"specification of animal organ identity",42,3886,"GO:0003002,GO:0048645"
"hubs",FALSE,0.869920511106159,6,20,4,0.2,0.666666666666667,"GO:0090066","GO:BP",0.869920511106159,"regulation of anatomical structure size",42,17757,"GO:0065008"
"hubs",FALSE,0.869920511106159,1,20,1,0.05,1,"GO:0072171","GO:BP",0.869920511106159,"mesonephric tubule morphogenesis",42,16968,"GO:0072078,GO:0072164"
"hubs",FALSE,0.869920511106159,2,20,2,0.1,1,"GO:0072164","GO:BP",0.869920511106159,"mesonephric tubule development",42,16961,"GO:0035295,GO:0072163"
"hubs",FALSE,0.869920511106159,1,20,1,0.05,1,"GO:0072044","GO:BP",0.869920511106159,"collecting duct development",42,16844,"GO:0001822,GO:0035295"
"hubs",FALSE,0.869920511106159,1,20,1,0.05,1,"GO:0072040","GO:BP",0.869920511106159,"negative regulation of mesenchymal cell apoptotic process involved in nephron morphogenesis",42,16840,"GO:0072038,GO:0072039,GO:1901145,GO:1902338,GO:1904673,GO:2001054"
"hubs",FALSE,0.869920511106159,1,20,1,0.05,1,"GO:0016331","GO:BP",0.869920511106159,"morphogenesis of embryonic epithelium",42,5182,"GO:0002009,GO:0048598"
"hubs",FALSE,0.869920511106159,1,20,1,0.05,1,"GO:0072039","GO:BP",0.869920511106159,"regulation of mesenchymal cell apoptotic process involved in nephron morphogenesis",42,16839,"GO:0072038,GO:1901145,GO:1902337,GO:1904672,GO:2001053"
"hubs",FALSE,0.869920511106159,1,20,1,0.05,1,"GO:0072038","GO:BP",0.869920511106159,"mesenchymal stem cell maintenance involved in nephron morphogenesis",42,16838,"GO:0035019,GO:0072028"
"hubs",FALSE,0.869920511106159,1,20,1,0.05,1,"GO:0072028","GO:BP",0.869920511106159,"nephron morphogenesis",42,16828,"GO:0009653,GO:0060993,GO:0072006"
"hubs",FALSE,0.869920511106159,1,20,1,0.05,1,"GO:0072009","GO:BP",0.869920511106159,"nephron epithelium development",42,16811,"GO:0072006,GO:0072073"
"hubs",FALSE,0.869920511106159,2,20,2,0.1,1,"GO:0072073","GO:BP",0.869920511106159,"kidney epithelium development",42,16873,"GO:0001822,GO:0060429"
"hubs",FALSE,0.869920511106159,1,20,1,0.05,1,"GO:0072006","GO:BP",0.869920511106159,"nephron development",42,16808,"GO:0001822,GO:0048856"
"hubs",FALSE,0.869920511106159,6,20,5,0.25,0.833333333333333,"GO:0072001","GO:BP",0.869920511106159,"renal system development",42,16803,"GO:0048731"
"hubs",FALSE,0.869920511106159,1,20,1,0.05,1,"GO:0071910","GO:BP",0.869920511106159,"determination of liver left/right asymmetry",42,16746,"GO:0001889,GO:0007368"
"hubs",FALSE,0.869920511106159,1,20,1,0.05,1,"GO:0071909","GO:BP",0.869920511106159,"determination of stomach left/right asymmetry",42,16745,"GO:0062094,GO:0071907"
"hubs",FALSE,0.869920511106159,1,20,1,0.05,1,"GO:0071908","GO:BP",0.869920511106159,"determination of intestine left/right asymmetry",42,16744,"GO:0071907"
"hubs",FALSE,0.869920511106159,1,20,1,0.05,1,"GO:0071907","GO:BP",0.869920511106159,"determination of digestive tract left/right asymmetry",42,16743,"GO:0007368,GO:0048565"
"hubs",FALSE,0.869920511106159,4,20,3,0.15,0.75,"GO:0071805","GO:BP",0.869920511106159,"potassium ion transmembrane transport",42,16687,"GO:0006813,GO:0098655,GO:0098662"
"hubs",FALSE,0.869920511106159,3,20,2,0.1,0.666666666666667,"GO:0021536","GO:BP",0.869920511106159,"diencephalon development",42,6088,"GO:0030900,GO:0048856"
"hubs",FALSE,0.869920511106159,1,20,1,0.05,1,"GO:0018958","GO:BP",0.869920511106159,"phenol-containing compound metabolic process",42,5487,"GO:0008152"
"hubs",FALSE,0.869920511106159,1,20,1,0.05,1,"GO:0010976","GO:BP",0.869920511106159,"positive regulation of neuron projection development",42,4532,"GO:0010975,GO:0031175,GO:0031346"
"hubs",FALSE,0.869920511106159,1,20,1,0.05,1,"GO:0072078","GO:BP",0.869920511106159,"nephron tubule morphogenesis",42,16878,"GO:0061333,GO:0072080,GO:0072088"
"hubs",FALSE,0.869920511106159,1,20,1,0.05,1,"GO:0072080","GO:BP",0.869920511106159,"nephron tubule development",42,16880,"GO:0061326,GO:0072009"
"hubs",FALSE,0.869920511106159,1,20,1,0.05,1,"GO:0014706","GO:BP",0.869920511106159,"striated muscle tissue development",42,4622,"GO:0060537"
"hubs",FALSE,0.869920511106159,1,20,1,0.05,1,"GO:0014820","GO:BP",0.869920511106159,"tonic smooth muscle contraction",42,4678,"GO:0006939"
"hubs",FALSE,0.869920511106159,2,20,2,0.1,1,"GO:0072163","GO:BP",0.869920511106159,"mesonephric epithelium development",42,16960,"GO:0001823,GO:0072073"
"hubs",FALSE,0.869920511106159,1,20,1,0.05,1,"GO:0014824","GO:BP",0.869920511106159,"artery smooth muscle contraction",42,4682,"GO:0014820,GO:0014829"
"hubs",FALSE,0.869920511106159,1,20,1,0.05,1,"GO:0014829","GO:BP",0.869920511106159,"vascular associated smooth muscle contraction",42,4687,"GO:0006939,GO:0042310"
"hubs",FALSE,0.869920511106159,1,20,1,0.05,1,"GO:0014855","GO:BP",0.869920511106159,"striated muscle cell proliferation",42,4711,"GO:0033002"
"hubs",FALSE,0.869920511106159,6,20,4,0.2,0.666666666666667,"GO:0015031","GO:BP",0.869920511106159,"protein transport",42,4772,"GO:0045184,GO:0071705"
"hubs",FALSE,0.869920511106159,1,20,1,0.05,1,"GO:0072079","GO:BP",0.869920511106159,"nephron tubule formation",42,16879,"GO:0001838,GO:0072078"
"hubs",FALSE,0.869920511106159,1,20,1,0.05,1,"GO:0015693","GO:BP",0.869920511106159,"magnesium ion transport",42,4790,"GO:0030001"
"hubs",FALSE,0.869920511106159,1,20,1,0.05,1,"GO:0072114","GO:BP",0.869920511106159,"pronephros morphogenesis",42,16911,"GO:0048793,GO:0060993"
"hubs",FALSE,0.869920511106159,1,20,1,0.05,1,"GO:0015791","GO:BP",0.869920511106159,"polyol transmembrane transport",42,4881,"GO:0015850,GO:0055085"
"hubs",FALSE,0.869920511106159,1,20,1,0.05,1,"GO:0015793","GO:BP",0.869920511106159,"glycerol transmembrane transport",42,4883,"GO:0015791,GO:0034219"
"hubs",FALSE,0.869920511106159,1,20,1,0.05,1,"GO:0072095","GO:BP",0.869920511106159,"regulation of branch elongation involved in ureteric bud branching",42,16894,"GO:0048638,GO:0060681"
"hubs",FALSE,0.869920511106159,1,20,1,0.05,1,"GO:0072091","GO:BP",0.869920511106159,"regulation of stem cell proliferation",42,16890,"GO:0042127,GO:0072089"
"hubs",FALSE,0.869920511106159,1,20,1,0.05,1,"GO:0072089","GO:BP",0.869920511106159,"stem cell proliferation",42,16888,"GO:0008283"
"hubs",FALSE,0.869920511106159,1,20,1,0.05,1,"GO:0072088","GO:BP",0.869920511106159,"nephron epithelium morphogenesis",42,16887,"GO:0002009,GO:0072009,GO:0072028"
"hubs",FALSE,0.869920511106159,5,20,4,0.2,0.8,"GO:0015698","GO:BP",0.869920511106159,"inorganic anion transport",42,4794,"GO:0006810"
"hubs",FALSE,0.869920511106159,2,20,2,0.1,1,"GO:0090080","GO:BP",0.869920511106159,"positive regulation of MAPKKK cascade by fibroblast growth factor receptor signaling pathway",42,17768,"GO:0008543,GO:0043410"
"hubs",FALSE,0.869920511106159,1,20,1,0.05,1,"GO:0050918","GO:BP",0.869920511106159,"positive chemotaxis",42,13188,"GO:0006935"
"hubs",FALSE,0.869920511106159,1,20,1,0.05,1,"GO:0097009","GO:BP",0.869920511106159,"energy homeostasis",42,18202,"GO:0048871"
"hubs",FALSE,0.869920511106159,1,20,1,0.05,1,"GO:0098698","GO:BP",0.869920511106159,"postsynaptic specialization assembly",42,18583,"GO:0070925,GO:0099068,GO:0099084"
"hubs",FALSE,0.869920511106159,3,20,2,0.1,0.666666666666667,"GO:0008543","GO:BP",0.869920511106159,"fibroblast growth factor receptor signaling pathway",42,3177,"GO:0007169,GO:0044344"
"hubs",FALSE,0.869920511106159,5,20,4,0.2,0.8,"GO:0098662","GO:BP",0.869920511106159,"inorganic cation transmembrane transport",42,18569,"GO:0098660"
"hubs",FALSE,0.869920511106159,4,20,3,0.15,0.75,"GO:0098661","GO:BP",0.869920511106159,"inorganic anion transmembrane transport",42,18568,"GO:0015698,GO:0098660"
"hubs",FALSE,0.869920511106159,1,20,1,0.05,1,"GO:0090272","GO:BP",0.869920511106159,"negative regulation of fibroblast growth factor production",42,17925,"GO:0001818,GO:0090269,GO:0090270"
"hubs",FALSE,0.869920511106159,8,20,6,0.3,0.75,"GO:0098660","GO:BP",0.869920511106159,"inorganic ion transmembrane transport",42,18567,"GO:0055085"
"hubs",FALSE,0.869920511106159,1,20,1,0.05,1,"GO:0009593","GO:BP",0.869920511106159,"detection of chemical stimulus",42,3510,"GO:0042221,GO:0051606"
"hubs",FALSE,0.869920511106159,4,20,3,0.15,0.75,"GO:0098659","GO:BP",0.869920511106159,"inorganic cation import across plasma membrane",42,18566,"GO:0098662,GO:0099587"
"hubs",FALSE,0.869920511106159,1,20,1,0.05,1,"GO:0009415","GO:BP",0.869920511106159,"response to water",42,3465,"GO:0001101,GO:0009628,GO:1901700"
"hubs",FALSE,0.869920511106159,1,20,1,0.05,1,"GO:0009414","GO:BP",0.869920511106159,"response to water deprivation",42,3464,"GO:0006950,GO:0009415"
"hubs",FALSE,0.869920511106159,5,20,3,0.15,0.6,"GO:0098657","GO:BP",0.869920511106159,"import into cell",42,18564,"GO:0006810"
"hubs",FALSE,0.869920511106159,4,20,3,0.15,0.75,"GO:0098656","GO:BP",0.869920511106159,"monoatomic anion transmembrane transport",42,18563,"GO:0006820,GO:0034220"
"hubs",FALSE,0.869920511106159,1,20,1,0.05,1,"GO:0090279","GO:BP",0.869920511106159,"regulation of calcium ion import",42,17932,"GO:0051924,GO:0070509"
"hubs",FALSE,0.869920511106159,4,20,3,0.15,0.75,"GO:0098739","GO:BP",0.869920511106159,"import across plasma membrane",42,18617,"GO:0055085,GO:0098657"
"hubs",FALSE,0.869920511106159,5,20,4,0.2,0.8,"GO:0098655","GO:BP",0.869920511106159,"monoatomic cation transmembrane transport",42,18562,"GO:0006812,GO:0034220"
"hubs",FALSE,0.869920511106159,1,20,1,0.05,1,"GO:0009308","GO:BP",0.869920511106159,"amine metabolic process",42,3440,"GO:0008152"
"hubs",FALSE,0.869920511106159,1,20,1,0.05,1,"GO:0090280","GO:BP",0.869920511106159,"positive regulation of calcium ion import",42,17933,"GO:0051928,GO:0070509,GO:0090279"
"hubs",FALSE,0.869920511106159,1,20,1,0.05,1,"GO:0090329","GO:BP",0.869920511106159,"regulation of DNA-templated DNA replication",42,17973,"GO:0006261,GO:0006275"
"hubs",FALSE,0.869920511106159,2,20,2,0.1,1,"GO:0090596","GO:BP",0.869920511106159,"sensory organ morphogenesis",42,18119,"GO:0007423,GO:0009887"
"hubs",FALSE,0.869920511106159,1,20,1,0.05,1,"GO:0097435","GO:BP",0.869920511106159,"supramolecular fiber organization",42,18414,"GO:0016043"
"hubs",FALSE,0.869920511106159,15,20,9,0.45,0.6,"GO:0009888","GO:BP",0.869920511106159,"tissue development",42,3733,"GO:0048856"
"hubs",FALSE,0.869920511106159,1,20,1,0.05,1,"GO:0097192","GO:BP",0.869920511106159,"extrinsic apoptotic signaling pathway in absence of ligand",42,18296,"GO:0038034,GO:0097191"
"hubs",FALSE,0.869920511106159,1,20,1,0.05,1,"GO:0097106","GO:BP",0.869920511106159,"postsynaptic density organization",42,18259,"GO:0099084"
"hubs",FALSE,0.869920511106159,1,20,1,0.05,1,"GO:0097107","GO:BP",0.869920511106159,"postsynaptic density assembly",42,18260,"GO:0097106,GO:0098698,GO:1904861"
"hubs",FALSE,0.869920511106159,1,20,1,0.05,1,"GO:0008340","GO:BP",0.869920511106159,"determination of adult lifespan",42,3153,"GO:0032501"
"hubs",FALSE,0.869920511106159,1,20,1,0.05,1,"GO:0097152","GO:BP",0.869920511106159,"mesenchymal cell apoptotic process",42,18273,"GO:0006915"
"hubs",FALSE,0.869920511106159,1,20,1,0.05,1,"GO:0008361","GO:BP",0.869920511106159,"regulation of cell size",42,3166,"GO:0032535"
"hubs",FALSE,0.869920511106159,1,20,1,0.05,1,"GO:0097191","GO:BP",0.869920511106159,"extrinsic apoptotic signaling pathway",42,18295,"GO:0007166,GO:0097190"
"hubs",FALSE,0.869920511106159,1,20,1,0.05,1,"GO:0009309","GO:BP",0.869920511106159,"amine biosynthetic process",42,3441,"GO:0009058,GO:0009308"
"hubs",FALSE,0.869920511106159,7,20,5,0.25,0.714285714285714,"GO:0098771","GO:BP",0.869920511106159,"inorganic ion homeostasis",42,18637,"GO:0048878"
"hubs",FALSE,0.869920511106159,1,20,1,0.05,1,"GO:0090270","GO:BP",0.869920511106159,"regulation of fibroblast growth factor production",42,17923,"GO:0001817,GO:0090269"
"hubs",FALSE,0.869920511106159,3,20,2,0.1,0.666666666666667,"GO:0009749","GO:BP",0.869920511106159,"response to glucose",42,3631,"GO:0009746"
"hubs",FALSE,0.869920511106159,1,20,1,0.05,1,"GO:0090251","GO:BP",0.869920511106159,"protein localization involved in establishment of planar polarity",42,17904,"GO:0001736,GO:0008104"
"hubs",FALSE,0.869920511106159,1,20,1,0.05,1,"GO:0099068","GO:BP",0.869920511106159,"postsynapse assembly",42,18778,"GO:0007416,GO:0022607,GO:0099173"
"hubs",FALSE,0.869920511106159,1,20,1,0.05,1,"GO:0090150","GO:BP",0.869920511106159,"establishment of protein localization to membrane",42,17824,"GO:0045184,GO:0072657"
"hubs",FALSE,0.869920511106159,3,20,2,0.1,0.666666666666667,"GO:0009743","GO:BP",0.869920511106159,"response to carbohydrate",42,3625,"GO:1901700"
"hubs",FALSE,0.869920511106159,3,20,2,0.1,0.666666666666667,"GO:0009746","GO:BP",0.869920511106159,"response to hexose",42,3628,"GO:0034284"
"hubs",FALSE,0.869920511106159,3,20,2,0.1,0.666666666666667,"GO:0009792","GO:BP",0.869920511106159,"embryo development ending in birth or egg hatching",42,3664,"GO:0009790"
"hubs",FALSE,0.869920511106159,1,20,1,0.05,1,"GO:0098915","GO:BP",0.869920511106159,"membrane repolarization during ventricular cardiac muscle cell action potential",42,18699,"GO:0086005,GO:0086013,GO:0099625"
"hubs",FALSE,0.869920511106159,1,20,1,0.05,1,"GO:0009713","GO:BP",0.869920511106159,"catechol-containing compound biosynthetic process",42,3596,"GO:0009712,GO:0046189"
"hubs",FALSE,0.869920511106159,1,20,1,0.05,1,"GO:0090175","GO:BP",0.869920511106159,"regulation of establishment of planar polarity",42,17847,"GO:0001736,GO:2000027"
"hubs",FALSE,0.869920511106159,1,20,1,0.05,1,"GO:0090183","GO:BP",0.869920511106159,"regulation of kidney development",42,17854,"GO:0001822,GO:0050793"
"hubs",FALSE,0.869920511106159,3,20,2,0.1,0.666666666666667,"GO:0007601","GO:BP",0.869920511106159,"visual perception",42,3046,"GO:0050953"
"hubs",FALSE,0.869920511106159,11,20,6,0.3,0.545454545454545,"GO:0009887","GO:BP",0.869920511106159,"animal organ morphogenesis",42,3732,"GO:0009653,GO:0048513"
"hubs",FALSE,0.869920511106159,1,20,1,0.05,1,"GO:0099084","GO:BP",0.869920511106159,"postsynaptic specialization organization",42,18786,"GO:0006996,GO:0099173"
"hubs",FALSE,0.869920511106159,1,20,1,0.05,1,"GO:0098876","GO:BP",0.869920511106159,"vesicle-mediated transport to the plasma membrane",42,18675,"GO:0016192,GO:0051668"
"hubs",FALSE,0.869920511106159,1,20,1,0.05,1,"GO:0009712","GO:BP",0.869920511106159,"catechol-containing compound metabolic process",42,3595,"GO:0018958"
"hubs",FALSE,0.869920511106159,1,20,1,0.05,1,"GO:0090269","GO:BP",0.869920511106159,"fibroblast growth factor production",42,17922,"GO:0001816"
"hubs",FALSE,0.869920511106159,1,20,1,0.05,1,"GO:0098914","GO:BP",0.869920511106159,"membrane repolarization during atrial cardiac muscle cell action potential",42,18698,"GO:0086013,GO:0086014,GO:0099624"
"hubs",FALSE,0.869920511106159,1,20,1,0.05,1,"GO:0090185","GO:BP",0.869920511106159,"negative regulation of kidney development",42,17856,"GO:0001822,GO:0051093,GO:0051241,GO:0090183"
"hubs",FALSE,0.940537067280662,4,20,2,0.1,0.5,"GO:0097746","GO:BP",0.940537067280662,"blood vessel diameter maintenance",42,18509,"GO:0003018,GO:0008015,GO:0035296"
"hubs",FALSE,0.940537067280662,2,20,1,0.05,0.5,"GO:1990778","GO:BP",0.940537067280662,"protein localization to cell periphery",42,24850,"GO:0008104"
"hubs",FALSE,0.940537067280662,2,20,1,0.05,0.5,"GO:0099173","GO:BP",0.940537067280662,"postsynapse organization",42,18830,"GO:0016043,GO:0050808"
"hubs",FALSE,0.940537067280662,2,20,1,0.05,0.5,"GO:2000810","GO:BP",0.940537067280662,"regulation of bicellular tight junction assembly",42,25616,"GO:0070830,GO:1901888"
"hubs",FALSE,0.940537067280662,4,20,2,0.1,0.5,"GO:0061008","GO:BP",0.940537067280662,"hepaticobiliary system development",42,14916,"GO:0048731"
"hubs",FALSE,0.940537067280662,2,20,1,0.05,0.5,"GO:0071900","GO:BP",0.940537067280662,"regulation of protein serine/threonine kinase activity",42,16740,"GO:0045859"
"hubs",FALSE,0.940537067280662,2,20,1,0.05,0.5,"GO:2001233","GO:BP",0.940537067280662,"regulation of apoptotic signaling pathway",42,25968,"GO:0009966,GO:0042981,GO:0097190"
"hubs",FALSE,0.940537067280662,22,20,10,0.5,0.454545454545455,"GO:0071840","GO:BP",0.940537067280662,"cellular component organization or biogenesis",42,16709,"GO:0009987"
"hubs",FALSE,0.940537067280662,2,20,1,0.05,0.5,"GO:0060326","GO:BP",0.940537067280662,"cell chemotaxis",42,14329,"GO:0006935,GO:0016477,GO:0070887"
"hubs",FALSE,0.940537067280662,2,20,1,0.05,0.5,"GO:0071345","GO:BP",0.940537067280662,"cellular response to cytokine stimulus",42,16367,"GO:0034097"
"hubs",FALSE,0.940537067280662,2,20,1,0.05,0.5,"GO:0071902","GO:BP",0.940537067280662,"positive regulation of protein serine/threonine kinase activity",42,16742,"GO:0045860,GO:0071900"
"hubs",FALSE,0.940537067280662,2,20,1,0.05,0.5,"GO:0072132","GO:BP",0.940537067280662,"mesenchyme morphogenesis",42,16929,"GO:0009887,GO:0048729,GO:0060485"
"hubs",FALSE,0.940537067280662,2,20,1,0.05,0.5,"GO:0051090","GO:BP",0.940537067280662,"regulation of DNA-binding transcription factor activity",42,13312,"GO:0006355,GO:0065009"
"hubs",FALSE,0.940537067280662,2,20,1,0.05,0.5,"GO:0051052","GO:BP",0.940537067280662,"regulation of DNA metabolic process",42,13289,"GO:0006259,GO:0019219,GO:0060255"
"hubs",FALSE,0.940537067280662,2,20,1,0.05,0.5,"GO:0098742","GO:BP",0.940537067280662,"cell-cell adhesion via plasma-membrane adhesion molecules",42,18618,"GO:0098609"
"hubs",FALSE,0.940537067280662,4,20,2,0.1,0.5,"GO:0098727","GO:BP",0.940537067280662,"maintenance of cell number",42,18607,"GO:0032502"
"hubs",FALSE,0.940537067280662,2,20,1,0.05,0.5,"GO:2000144","GO:BP",0.940537067280662,"positive regulation of DNA-templated transcription initiation",42,25053,"GO:0006352,GO:0045893,GO:2000142"
"hubs",FALSE,0.940537067280662,2,20,1,0.05,0.5,"GO:2000142","GO:BP",0.940537067280662,"regulation of DNA-templated transcription initiation",42,25051,"GO:0006352,GO:0006355"
"hubs",FALSE,0.940537067280662,4,20,2,0.1,0.5,"GO:0071692","GO:BP",0.940537067280662,"protein localization to extracellular region",42,16629,"GO:0008104"
"hubs",FALSE,0.940537067280662,9,20,4,0.2,0.444444444444444,"GO:0051240","GO:BP",0.940537067280662,"positive regulation of multicellular organismal process",42,13408,"GO:0032501,GO:0048518,GO:0051239"
"hubs",FALSE,0.940537067280662,2,20,1,0.05,0.5,"GO:0099622","GO:BP",0.940537067280662,"cardiac muscle cell membrane repolarization",42,18916,"GO:0086009"
"hubs",FALSE,0.940537067280662,4,20,2,0.1,0.5,"GO:0060795","GO:BP",0.940537067280662,"cell fate commitment involved in formation of primary germ layer",42,14746,"GO:0001704,GO:0045165"
"hubs",FALSE,0.940537067280662,9,20,4,0.2,0.444444444444444,"GO:0051253","GO:BP",0.940537067280662,"negative regulation of RNA metabolic process",42,13418,"GO:0010605,GO:0016070,GO:0045934,GO:0051252"
"hubs",FALSE,0.940537067280662,2,20,1,0.05,0.5,"GO:0051129","GO:BP",0.940537067280662,"negative regulation of cellular component organization",42,13333,"GO:0016043,GO:0048523,GO:0051128"
"hubs",FALSE,0.940537067280662,8,20,4,0.2,0.5,"GO:0051093","GO:BP",0.940537067280662,"negative regulation of developmental process",42,13315,"GO:0032502,GO:0048519,GO:0050793"
"hubs",FALSE,0.940537067280662,2,20,1,0.05,0.5,"GO:0051259","GO:BP",0.940537067280662,"protein complex oligomerization",42,13424,"GO:0065003"
"hubs",FALSE,0.940537067280662,2,20,1,0.05,0.5,"GO:0051260","GO:BP",0.940537067280662,"protein homooligomerization",42,13425,"GO:0051259"
"hubs",FALSE,0.940537067280662,2,20,1,0.05,0.5,"GO:0060972","GO:BP",0.940537067280662,"left/right pattern formation",42,14883,"GO:0003002"
"hubs",FALSE,0.940537067280662,2,20,1,0.05,0.5,"GO:0051222","GO:BP",0.940537067280662,"positive regulation of protein transport",42,13394,"GO:0015031,GO:0051050,GO:0051223,GO:1904951"
"hubs",FALSE,0.940537067280662,2,20,1,0.05,0.5,"GO:0099624","GO:BP",0.940537067280662,"atrial cardiac muscle cell membrane repolarization",42,18918,"GO:0099622"
"hubs",FALSE,0.940537067280662,2,20,1,0.05,0.5,"GO:0051054","GO:BP",0.940537067280662,"positive regulation of DNA metabolic process",42,13291,"GO:0006259,GO:0010604,GO:0045935,GO:0051052"
"hubs",FALSE,0.940537067280662,4,20,2,0.1,0.5,"GO:0051047","GO:BP",0.940537067280662,"positive regulation of secretion",42,13284,"GO:0046903,GO:0051046,GO:0051050"
"hubs",FALSE,0.940537067280662,2,20,1,0.05,0.5,"GO:0120035","GO:BP",0.940537067280662,"regulation of plasma membrane bounded cell projection organization",42,19209,"GO:0031344,GO:0120036"
"hubs",FALSE,0.940537067280662,18,20,9,0.45,0.5,"GO:0065008","GO:BP",0.940537067280662,"regulation of biological quality",42,15667,"GO:0065007"
"hubs",FALSE,0.940537067280662,2,20,1,0.05,0.5,"GO:0071333","GO:BP",0.940537067280662,"cellular response to glucose stimulus",42,16359,"GO:0001678,GO:0009749,GO:0071331"
"hubs",FALSE,0.940537067280662,6,20,3,0.15,0.5,"GO:0051726","GO:BP",0.940537067280662,"regulation of cell cycle",42,13721,"GO:0007049,GO:0050794"
"hubs",FALSE,0.940537067280662,4,20,2,0.1,0.5,"GO:0070830","GO:BP",0.940537067280662,"bicellular tight junction assembly",42,16099,"GO:0043297,GO:0120192"
"hubs",FALSE,0.940537067280662,2,20,1,0.05,0.5,"GO:0060048","GO:BP",0.940537067280662,"cardiac muscle contraction",42,14104,"GO:0006941,GO:0060047"
"hubs",FALSE,0.940537067280662,10,20,5,0.25,0.5,"GO:0070727","GO:BP",0.940537067280662,"cellular macromolecule localization",42,16048,"GO:0033036,GO:0051641"
"hubs",FALSE,0.940537067280662,4,20,2,0.1,0.5,"GO:0051896","GO:BP",0.940537067280662,"regulation of phosphatidylinositol 3-kinase/protein kinase B signal transduction",42,13786,"GO:0043491,GO:1902531"
"hubs",FALSE,0.940537067280662,2,20,1,0.05,0.5,"GO:0086003","GO:BP",0.940537067280662,"cardiac muscle cell contraction",42,17645,"GO:0060048,GO:0070252"
"hubs",FALSE,0.940537067280662,2,20,1,0.05,0.5,"GO:0060047","GO:BP",0.940537067280662,"heart contraction",42,14103,"GO:0003015,GO:0008015"
"hubs",FALSE,0.940537067280662,2,20,1,0.05,0.5,"GO:0061337","GO:BP",0.940537067280662,"cardiac conduction",42,15203,"GO:0008016"
"hubs",FALSE,0.940537067280662,2,20,1,0.05,0.5,"GO:1903348","GO:BP",0.940537067280662,"positive regulation of bicellular tight junction assembly",42,22602,"GO:0070830,GO:1901890,GO:2000810"
"hubs",FALSE,0.940537067280662,4,20,2,0.1,0.5,"GO:1903047","GO:BP",0.940537067280662,"mitotic cell cycle process",42,22408,"GO:0000278,GO:0022402"
"hubs",FALSE,0.940537067280662,4,20,2,0.1,0.5,"GO:0061458","GO:BP",0.940537067280662,"reproductive system development",42,15276,"GO:0048731"
"hubs",FALSE,0.940537067280662,2,20,1,0.05,0.5,"GO:0070509","GO:BP",0.940537067280662,"calcium ion import",42,15936,"GO:0006816"
"hubs",FALSE,0.940537067280662,9,20,4,0.2,0.444444444444444,"GO:1902679","GO:BP",0.940537067280662,"negative regulation of RNA biosynthetic process",42,22129,"GO:0010558,GO:0032774,GO:0051253,GO:2001141"
"hubs",FALSE,0.940537067280662,4,20,2,0.1,0.5,"GO:1902652","GO:BP",0.940537067280662,"secondary alcohol metabolic process",42,22113,"GO:0006066"
"hubs",FALSE,0.940537067280662,2,20,1,0.05,0.5,"GO:1902645","GO:BP",0.940537067280662,"tertiary alcohol biosynthetic process",42,22109,"GO:0046165,GO:1902644"
"hubs",FALSE,0.940537067280662,2,20,1,0.05,0.5,"GO:1902532","GO:BP",0.940537067280662,"negative regulation of intracellular signal transduction",42,22042,"GO:0009968,GO:0035556,GO:1902531"
"hubs",FALSE,0.940537067280662,2,20,1,0.05,0.5,"GO:0055075","GO:BP",0.940537067280662,"potassium ion homeostasis",42,14024,"GO:0055080,GO:0098771"
"hubs",FALSE,0.940537067280662,2,20,1,0.05,0.5,"GO:0055078","GO:BP",0.940537067280662,"sodium ion homeostasis",42,14025,"GO:0055080,GO:0098771"
"hubs",FALSE,0.940537067280662,2,20,1,0.05,0.5,"GO:0086019","GO:BP",0.940537067280662,"cell-cell signaling involved in cardiac conduction",42,17658,"GO:0007267,GO:0086065"
"hubs",FALSE,0.940537067280662,2,20,1,0.05,0.5,"GO:0086065","GO:BP",0.940537067280662,"cell communication involved in cardiac conduction",42,17684,"GO:0007154,GO:0061337"
"hubs",FALSE,0.940537067280662,2,20,1,0.05,0.5,"GO:0086091","GO:BP",0.940537067280662,"regulation of heart rate by cardiac conduction",42,17694,"GO:0002027,GO:0061337"
"hubs",FALSE,0.940537067280662,2,20,1,0.05,0.5,"GO:1901890","GO:BP",0.940537067280662,"positive regulation of cell junction assembly",42,21549,"GO:0034329,GO:0044089,GO:0051130,GO:1901888"
"hubs",FALSE,0.940537067280662,6,20,3,0.15,0.5,"GO:0055082","GO:BP",0.940537067280662,"intracellular chemical homeostasis",42,14028,"GO:0019725,GO:0048878"
"hubs",FALSE,0.940537067280662,2,20,1,0.05,0.5,"GO:0070252","GO:BP",0.940537067280662,"actin-mediated cell contraction",42,15796,"GO:0030048"
"hubs",FALSE,0.940537067280662,4,20,2,0.1,0.5,"GO:1901652","GO:BP",0.940537067280662,"response to peptide",42,21338,"GO:0042221"
"hubs",FALSE,0.940537067280662,29,20,14,0.7,0.482758620689655,"GO:0051716","GO:BP",0.940537067280662,"cellular response to stimulus",42,13719,"GO:0009987,GO:0050896"
"hubs",FALSE,0.940537067280662,2,20,1,0.05,0.5,"GO:0051338","GO:BP",0.940537067280662,"regulation of transferase activity",42,13483,"GO:0050790"
"hubs",FALSE,0.940537067280662,2,20,1,0.05,0.5,"GO:0051668","GO:BP",0.940537067280662,"localization within membrane",42,13690,"GO:0051641"
"hubs",FALSE,0.940537067280662,2,20,1,0.05,0.5,"GO:0086001","GO:BP",0.940537067280662,"cardiac muscle cell action potential",42,17643,"GO:0001508"
"hubs",FALSE,0.940537067280662,2,20,1,0.05,0.5,"GO:0051347","GO:BP",0.940537067280662,"positive regulation of transferase activity",42,13489,"GO:0043085,GO:0051338"
"hubs",FALSE,0.940537067280662,2,20,1,0.05,0.5,"GO:0071331","GO:BP",0.940537067280662,"cellular response to hexose stimulus",42,16357,"GO:0009746,GO:0071326"
"hubs",FALSE,0.940537067280662,2,20,1,0.05,0.5,"GO:0071326","GO:BP",0.940537067280662,"cellular response to monosaccharide stimulus",42,16352,"GO:0034284,GO:0071322"
"hubs",FALSE,0.940537067280662,2,20,1,0.05,0.5,"GO:0071322","GO:BP",0.940537067280662,"cellular response to carbohydrate stimulus",42,16348,"GO:0009743,GO:1901701"
"hubs",FALSE,0.940537067280662,2,20,1,0.05,0.5,"GO:0097190","GO:BP",0.940537067280662,"apoptotic signaling pathway",42,18294,"GO:0006915,GO:0007165"
"hubs",FALSE,0.940537067280662,2,20,1,0.05,0.5,"GO:1904951","GO:BP",0.940537067280662,"positive regulation of establishment of protein localization",42,23853,"GO:0045184,GO:0070201,GO:1903829"
"hubs",FALSE,0.940537067280662,2,20,1,0.05,0.5,"GO:0051603","GO:BP",0.940537067280662,"proteolysis involved in protein catabolic process",42,13630,"GO:0006508,GO:0030163"
"hubs",FALSE,0.940537067280662,2,20,1,0.05,0.5,"GO:0120178","GO:BP",0.940537067280662,"steroid hormone biosynthetic process",42,19276,"GO:0006694"
"hubs",FALSE,0.940537067280662,4,20,2,0.1,0.5,"GO:0120192","GO:BP",0.940537067280662,"tight junction assembly",42,19290,"GO:0007043,GO:0120193"
"hubs",FALSE,0.940537067280662,4,20,2,0.1,0.5,"GO:0120193","GO:BP",0.940537067280662,"tight junction organization",42,19291,"GO:0045216"
"hubs",FALSE,0.940537067280662,2,20,1,0.05,0.5,"GO:0120255","GO:BP",0.940537067280662,"olefinic compound biosynthetic process",42,19321,"GO:0009058,GO:0120254"
"hubs",FALSE,0.940537067280662,2,20,1,0.05,0.5,"GO:0051606","GO:BP",0.940537067280662,"detection of stimulus",42,13632,"GO:0050896"
"hubs",FALSE,0.940537067280662,6,20,3,0.15,0.5,"GO:0140352","GO:BP",0.940537067280662,"export from cell",42,19493,"GO:0006810,GO:0009987"
"hubs",FALSE,0.940537067280662,2,20,1,0.05,0.5,"GO:0160184","GO:BP",0.940537067280662,"paracellular transport",42,19998,"GO:0006810"
"hubs",FALSE,0.940537067280662,2,20,1,0.05,0.5,"GO:0060261","GO:BP",0.940537067280662,"positive regulation of transcription initiation by RNA polymerase II",42,14270,"GO:0006367,GO:0045944,GO:0060260,GO:2000144"
"hubs",FALSE,0.940537067280662,2,20,1,0.05,0.5,"GO:0060260","GO:BP",0.940537067280662,"regulation of transcription initiation by RNA polymerase II",42,14269,"GO:0006357,GO:0006367,GO:2000142"
"hubs",FALSE,0.940537067280662,2,20,1,0.05,0.5,"GO:0071229","GO:BP",0.940537067280662,"cellular response to acid chemical",42,16261,"GO:0001101,GO:0070887"
"hubs",FALSE,0.940537067280662,2,20,1,0.05,0.5,"GO:0060173","GO:BP",0.940537067280662,"limb development",42,14202,"GO:0048736"
"hubs",FALSE,0.940537067280662,2,20,1,0.05,0.5,"GO:1904036","GO:BP",0.940537067280662,"negative regulation of epithelial cell apoptotic process",42,23123,"GO:0043066,GO:1904019,GO:1904035"
"hubs",FALSE,0.940537067280662,2,20,1,0.05,0.5,"GO:0090277","GO:BP",0.940537067280662,"positive regulation of peptide hormone secretion",42,17930,"GO:0002793,GO:0030072,GO:0046887,GO:0090276"
"hubs",FALSE,0.940537067280662,4,20,2,0.1,0.5,"GO:1903532","GO:BP",0.940537067280662,"positive regulation of secretion by cell",42,22751,"GO:0032940,GO:0048522,GO:0051047,GO:1903530"
"hubs",FALSE,0.940537067280662,13,20,6,0.3,0.461538461538462,"GO:0070887","GO:BP",0.940537067280662,"cellular response to chemical stimulus",42,16130,"GO:0042221,GO:0051716"
"hubs",FALSE,0.940537067280662,6,20,3,0.15,0.5,"GO:0070848","GO:BP",0.940537067280662,"response to growth factor",42,16112,"GO:0009719"
"hubs",FALSE,0.940537067280662,2,20,1,0.05,0.5,"GO:0072657","GO:BP",0.940537067280662,"protein localization to membrane",42,17244,"GO:0008104,GO:0051668"
"hubs",FALSE,0.940537067280662,4,20,2,0.1,0.5,"GO:0060070","GO:BP",0.940537067280662,"canonical Wnt signaling pathway",42,14125,"GO:0016055"
"hubs",FALSE,0.940537067280662,2,20,1,0.05,0.5,"GO:0086002","GO:BP",0.940537067280662,"cardiac muscle cell action potential involved in contraction",42,17644,"GO:0086001,GO:0086003"
"hubs",FALSE,0.940537067280662,2,20,1,0.05,0.5,"GO:0086009","GO:BP",0.940537067280662,"membrane repolarization",42,17648,"GO:0042391"
"hubs",FALSE,0.940537067280662,9,20,4,0.2,0.444444444444444,"GO:0000122","GO:BP",0.940537067280662,"negative regulation of transcription by RNA polymerase II",42,48,"GO:0006357,GO:0006366,GO:0045892"
"hubs",FALSE,0.940537067280662,2,20,1,0.05,0.5,"GO:0021537","GO:BP",0.940537067280662,"telencephalon development",42,6089,"GO:0030900,GO:0048856"
"hubs",FALSE,0.940537067280662,6,20,3,0.15,0.5,"GO:0032940","GO:BP",0.940537067280662,"secretion by cell",42,7869,"GO:0046903,GO:0140352"
"hubs",FALSE,0.940537067280662,2,20,1,0.05,0.5,"GO:0005975","GO:BP",0.940537067280662,"carbohydrate metabolic process",42,1848,"GO:0044238"
"hubs",FALSE,0.940537067280662,2,20,1,0.05,0.5,"GO:0006081","GO:BP",0.940537067280662,"aldehyde metabolic process",42,1942,"GO:0008152"
"hubs",FALSE,0.940537067280662,26,20,12,0.6,0.461538461538462,"GO:0032502","GO:BP",0.940537067280662,"developmental process",42,7558,"GO:0008150"
"hubs",FALSE,0.940537067280662,35,20,17,0.85,0.485714285714286,"GO:0032501","GO:BP",0.940537067280662,"multicellular organismal process",42,7557,"GO:0008150"
"hubs",FALSE,0.940537067280662,2,20,1,0.05,0.5,"GO:0032342","GO:BP",0.940537067280662,"aldosterone biosynthetic process",42,7448,"GO:0006700,GO:0006705,GO:0032341,GO:0034309,GO:0042181,GO:0046184,GO:0120255"
"hubs",FALSE,0.940537067280662,2,20,1,0.05,0.5,"GO:0032341","GO:BP",0.940537067280662,"aldosterone metabolic process",42,7447,"GO:0006081,GO:0008207,GO:0008212,GO:0034308,GO:0042180,GO:0120254"
"hubs",FALSE,0.940537067280662,4,20,2,0.1,0.5,"GO:0032103","GO:BP",0.940537067280662,"positive regulation of response to external stimulus",42,7320,"GO:0009605,GO:0032101,GO:0048584"
"hubs",FALSE,0.940537067280662,2,20,1,0.05,0.5,"GO:0032094","GO:BP",0.940537067280662,"response to food",42,7311,"GO:0031667,GO:0042221"
"hubs",FALSE,0.940537067280662,2,20,1,0.05,0.5,"GO:0032024","GO:BP",0.940537067280662,"positive regulation of insulin secretion",42,7282,"GO:0030073,GO:0050714,GO:0050796,GO:0090277"
"hubs",FALSE,0.940537067280662,2,20,1,0.05,0.5,"GO:0006112","GO:BP",0.940537067280662,"energy reserve metabolic process",42,1967,"GO:0015980"
"hubs",FALSE,0.940537067280662,2,20,1,0.05,0.5,"GO:0031344","GO:BP",0.940537067280662,"regulation of cell projection organization",42,7096,"GO:0030030,GO:0051128"
"hubs",FALSE,0.940537067280662,2,20,1,0.05,0.5,"GO:0006259","GO:BP",0.940537067280662,"DNA metabolic process",42,2071,"GO:0090304"
"hubs",FALSE,0.940537067280662,2,20,1,0.05,0.5,"GO:0030901","GO:BP",0.940537067280662,"midbrain development",42,6920,"GO:0007420,GO:0048856"
"hubs",FALSE,0.940537067280662,2,20,1,0.05,0.5,"GO:0030326","GO:BP",0.940537067280662,"embryonic limb morphogenesis",42,6738,"GO:0035108,GO:0035113"
"hubs",FALSE,0.940537067280662,2,20,1,0.05,0.5,"GO:0006352","GO:BP",0.940537067280662,"DNA-templated transcription initiation",42,2121,"GO:0006351,GO:0032774"
"hubs",FALSE,0.940537067280662,4,20,2,0.1,0.5,"GO:0030073","GO:BP",0.940537067280662,"insulin secretion",42,6640,"GO:0009306,GO:0030072"
"hubs",FALSE,0.940537067280662,4,20,2,0.1,0.5,"GO:0030072","GO:BP",0.940537067280662,"peptide hormone secretion",42,6639,"GO:0002790,GO:0046879"
"hubs",FALSE,0.940537067280662,2,20,1,0.05,0.5,"GO:0030048","GO:BP",0.940537067280662,"actin filament-based movement",42,6634,"GO:0030029"
"hubs",FALSE,0.940537067280662,27,20,13,0.65,0.481481481481481,"GO:0023052","GO:BP",0.940537067280662,"signaling",42,6607,"GO:0050789"
"hubs",FALSE,0.940537067280662,2,20,1,0.05,0.5,"GO:0022612","GO:BP",0.940537067280662,"gland morphogenesis",42,6586,"GO:0009887,GO:0048732"
"hubs",FALSE,0.940537067280662,4,20,2,0.1,0.5,"GO:0022603","GO:BP",0.940537067280662,"regulation of anatomical structure morphogenesis",42,6578,"GO:0009653,GO:0050793"
"hubs",FALSE,0.940537067280662,11,20,5,0.25,0.454545454545455,"GO:0022414","GO:BP",0.940537067280662,"reproductive process",42,6573,"GO:0008150"
"hubs",FALSE,0.940537067280662,2,20,1,0.05,0.5,"GO:0006367","GO:BP",0.940537067280662,"transcription initiation at RNA polymerase II promoter",42,2134,"GO:0006352,GO:0006366"
"hubs",FALSE,0.940537067280662,6,20,3,0.15,0.5,"GO:0022402","GO:BP",0.940537067280662,"cell cycle process",42,6561,"GO:0007049,GO:0009987"
"hubs",FALSE,0.940537067280662,4,20,2,0.1,0.5,"GO:0003341","GO:BP",0.940537067280662,"cilium movement",42,1759,"GO:0007018"
"hubs",FALSE,0.940537067280662,4,20,2,0.1,0.5,"GO:0019953","GO:BP",0.940537067280662,"sexual reproduction",42,6041,"GO:0022414"
"hubs",FALSE,0.940537067280662,2,20,1,0.05,0.5,"GO:0033002","GO:BP",0.940537067280662,"muscle cell proliferation",42,7914,"GO:0008283"
"hubs",FALSE,0.940537067280662,4,20,2,0.1,0.5,"GO:0033365","GO:BP",0.940537067280662,"protein localization to organelle",42,8115,"GO:0008104"
"hubs",FALSE,0.940537067280662,4,20,2,0.1,0.5,"GO:0042310","GO:BP",0.940537067280662,"vasoconstriction",42,9990,"GO:0097746"
"hubs",FALSE,0.940537067280662,21,20,10,0.5,0.476190476190476,"GO:0042221","GO:BP",0.940537067280662,"response to chemical",42,9956,"GO:0050896"
"hubs",FALSE,0.940537067280662,2,20,1,0.05,0.5,"GO:0042181","GO:BP",0.940537067280662,"ketone biosynthetic process",42,9917,"GO:0042180,GO:0044283"
"hubs",FALSE,0.940537067280662,2,20,1,0.05,0.5,"GO:0042044","GO:BP",0.940537067280662,"fluid transport",42,9845,"GO:0006810"
"hubs",FALSE,0.940537067280662,4,20,2,0.1,0.5,"GO:0040017","GO:BP",0.940537067280662,"positive regulation of locomotion",42,9814,"GO:0040011,GO:0040012,GO:0048518"
"hubs",FALSE,0.940537067280662,6,20,3,0.15,0.5,"GO:0040012","GO:BP",0.940537067280662,"regulation of locomotion",42,9809,"GO:0040011,GO:0050789"
"hubs",FALSE,0.940537067280662,6,20,3,0.15,0.5,"GO:0040011","GO:BP",0.940537067280662,"locomotion",42,9808,"GO:0008150"
"hubs",FALSE,0.940537067280662,9,20,4,0.2,0.444444444444444,"GO:0040007","GO:BP",0.940537067280662,"growth",42,9804,"GO:0008150"
"hubs",FALSE,0.940537067280662,2,20,1,0.05,0.5,"GO:0036503","GO:BP",0.940537067280662,"ERAD pathway",42,9548,"GO:0010498,GO:0034976,GO:1901698"
"hubs",FALSE,0.940537067280662,2,20,1,0.05,0.5,"GO:0035865","GO:BP",0.940537067280662,"cellular response to potassium ion",42,9226,"GO:0035864,GO:0071248"
"hubs",FALSE,0.940537067280662,2,20,1,0.05,0.5,"GO:0035864","GO:BP",0.940537067280662,"response to potassium ion",42,9225,"GO:0010038"
"hubs",FALSE,0.940537067280662,4,20,2,0.1,0.5,"GO:0035592","GO:BP",0.940537067280662,"establishment of protein localization to extracellular region",42,9039,"GO:0045184,GO:0071692"
"hubs",FALSE,0.940537067280662,4,20,2,0.1,0.5,"GO:0035296","GO:BP",0.940537067280662,"regulation of tube diameter",42,8888,"GO:0035150"
"hubs",FALSE,0.940537067280662,2,20,1,0.05,0.5,"GO:0035272","GO:BP",0.940537067280662,"exocrine system development",42,8870,"GO:0048731"
"hubs",FALSE,0.940537067280662,4,20,2,0.1,0.5,"GO:0035150","GO:BP",0.940537067280662,"regulation of tube size",42,8782,"GO:0090066"
"hubs",FALSE,0.940537067280662,2,20,1,0.05,0.5,"GO:0035113","GO:BP",0.940537067280662,"embryonic appendage morphogenesis",42,8749,"GO:0035107,GO:0048598"
"hubs",FALSE,0.940537067280662,2,20,1,0.05,0.5,"GO:0035108","GO:BP",0.940537067280662,"limb morphogenesis",42,8747,"GO:0035107,GO:0060173"
"hubs",FALSE,0.940537067280662,2,20,1,0.05,0.5,"GO:0035107","GO:BP",0.940537067280662,"appendage morphogenesis",42,8746,"GO:0009653,GO:0048736"
"hubs",FALSE,0.940537067280662,2,20,1,0.05,0.5,"GO:0035019","GO:BP",0.940537067280662,"somatic stem cell population maintenance",42,8697,"GO:0019827"
"hubs",FALSE,0.940537067280662,2,20,1,0.05,0.5,"GO:0034976","GO:BP",0.940537067280662,"response to endoplasmic reticulum stress",42,8681,"GO:0033554"
"hubs",FALSE,0.940537067280662,4,20,2,0.1,0.5,"GO:0034762","GO:BP",0.940537067280662,"regulation of transmembrane transport",42,8666,"GO:0050794,GO:0051049,GO:0055085"
"hubs",FALSE,0.940537067280662,2,20,1,0.05,0.5,"GO:0034651","GO:BP",0.940537067280662,"cortisol biosynthetic process",42,8643,"GO:0006704,GO:0034309,GO:0034650,GO:0042181,GO:0120255,GO:1902645"
"hubs",FALSE,0.940537067280662,2,20,1,0.05,0.5,"GO:0034309","GO:BP",0.940537067280662,"primary alcohol biosynthetic process",42,8500,"GO:0034308,GO:0046165"
"hubs",FALSE,0.940537067280662,2,20,1,0.05,0.5,"GO:0033674","GO:BP",0.940537067280662,"positive regulation of kinase activity",42,8285,"GO:0042327,GO:0043549,GO:0051347"
"hubs",FALSE,0.940537067280662,2,20,1,0.05,0.5,"GO:0007530","GO:BP",0.940537067280662,"sex determination",42,2998,"GO:0003006"
"hubs",FALSE,0.940537067280662,10,20,5,0.25,0.5,"GO:0033036","GO:BP",0.940537067280662,"macromolecule localization",42,7939,"GO:0051179"
"hubs",FALSE,0.940537067280662,4,20,2,0.1,0.5,"GO:0042391","GO:BP",0.940537067280662,"regulation of membrane potential",42,10048,"GO:0065008"
"hubs",FALSE,0.940537067280662,4,20,2,0.1,0.5,"GO:0019827","GO:BP",0.940537067280662,"stem cell population maintenance",42,6014,"GO:0032501,GO:0098727"
"hubs",FALSE,0.940537067280662,2,20,1,0.05,0.5,"GO:0006694","GO:BP",0.940537067280662,"steroid biosynthetic process",42,2394,"GO:0008202,GO:0008610"
"hubs",FALSE,0.940537067280662,2,20,1,0.05,0.5,"GO:0009799","GO:BP",0.940537067280662,"specification of symmetry",42,3668,"GO:0007389"
"hubs",FALSE,0.940537067280662,9,20,4,0.2,0.444444444444444,"GO:0009790","GO:BP",0.940537067280662,"embryo development",42,3662,"GO:0007275"
"hubs",FALSE,0.940537067280662,9,20,4,0.2,0.444444444444444,"GO:0009725","GO:BP",0.940537067280662,"response to hormone",42,3608,"GO:0009719,GO:0042221"
"hubs",FALSE,0.940537067280662,13,20,6,0.3,0.461538461538462,"GO:0009719","GO:BP",0.940537067280662,"response to endogenous stimulus",42,3602,"GO:0050896"
"hubs",FALSE,0.940537067280662,16,20,8,0.4,0.5,"GO:0009653","GO:BP",0.940537067280662,"anatomical structure morphogenesis",42,3557,"GO:0032502,GO:0048856"
"hubs",FALSE,0.940537067280662,6,20,3,0.15,0.5,"GO:0009628","GO:BP",0.940537067280662,"response to abiotic stimulus",42,3535,"GO:0050896"
"hubs",FALSE,0.940537067280662,2,20,1,0.05,0.5,"GO:0009416","GO:BP",0.940537067280662,"response to light stimulus",42,3466,"GO:0009314"
"hubs",FALSE,0.940537067280662,2,20,1,0.05,0.5,"GO:0009314","GO:BP",0.940537067280662,"response to radiation",42,3446,"GO:0009628"
"hubs",FALSE,0.940537067280662,4,20,2,0.1,0.5,"GO:0009306","GO:BP",0.940537067280662,"protein secretion",42,3438,"GO:0015031,GO:0032940,GO:0035592"
"hubs",FALSE,0.940537067280662,8,20,4,0.2,0.5,"GO:0007267","GO:BP",0.940537067280662,"cell-cell signaling",42,2781,"GO:0007154,GO:0023052"
"hubs",FALSE,0.940537067280662,24,20,11,0.55,0.458333333333333,"GO:0007275","GO:BP",0.940537067280662,"multicellular organism development",42,2788,"GO:0032501,GO:0048856"
"hubs",FALSE,0.940537067280662,2,20,1,0.05,0.5,"GO:0007368","GO:BP",0.940537067280662,"determination of left/right symmetry",42,2856,"GO:0009855,GO:0060972"
"hubs",FALSE,0.940537067280662,2,20,1,0.05,0.5,"GO:0008544","GO:BP",0.940537067280662,"epidermis development",42,3178,"GO:0009888"
"hubs",FALSE,0.940537067280662,2,20,1,0.05,0.5,"GO:0008406","GO:BP",0.940537067280662,"gonad development",42,3173,"GO:0045137,GO:0048513,GO:0048608"
"hubs",FALSE,0.940537067280662,11,20,5,0.25,0.454545454545455,"GO:0007399","GO:BP",0.940537067280662,"nervous system development",42,2884,"GO:0048731"
"hubs",FALSE,0.940537067280662,2,20,1,0.05,0.5,"GO:0008212","GO:BP",0.940537067280662,"mineralocorticoid metabolic process",42,3125,"GO:0008202,GO:0042445"
"hubs",FALSE,0.940537067280662,2,20,1,0.05,0.5,"GO:0008207","GO:BP",0.940537067280662,"C21-steroid hormone metabolic process",42,3120,"GO:0008202,GO:0042445"
"hubs",FALSE,0.940537067280662,2,20,1,0.05,0.5,"GO:0007498","GO:BP",0.940537067280662,"mesoderm development",42,2970,"GO:0009888"
"hubs",FALSE,0.940537067280662,4,20,2,0.1,0.5,"GO:0007507","GO:BP",0.940537067280662,"heart development",42,2979,"GO:0048513,GO:0072359"
"hubs",FALSE,0.940537067280662,10,20,5,0.25,0.5,"GO:0008104","GO:BP",0.940537067280662,"protein localization",42,3109,"GO:0070727"
"hubs",FALSE,0.940537067280662,2,20,1,0.05,0.5,"GO:0008016","GO:BP",0.940537067280662,"regulation of heart contraction",42,3083,"GO:0060047,GO:1903522"
"hubs",FALSE,0.940537067280662,10,20,5,0.25,0.5,"GO:0008015","GO:BP",0.940537067280662,"blood circulation",42,3082,"GO:0003013"
"hubs",FALSE,0.940537067280662,2,20,1,0.05,0.5,"GO:0007635","GO:BP",0.940537067280662,"chemosensory behavior",42,3077,"GO:0007610,GO:0042221"
"hubs",FALSE,0.940537067280662,2,20,1,0.05,0.5,"GO:0007632","GO:BP",0.940537067280662,"visual behavior",42,3074,"GO:0007610,GO:0009416"
"hubs",FALSE,0.940537067280662,2,20,1,0.05,0.5,"GO:0007623","GO:BP",0.940537067280662,"circadian rhythm",42,3066,"GO:0048511"
"hubs",FALSE,0.940537067280662,2,20,1,0.05,0.5,"GO:0009855","GO:BP",0.940537067280662,"determination of bilateral symmetry",42,3712,"GO:0009799"
"hubs",FALSE,0.940537067280662,8,20,4,0.2,0.5,"GO:0019725","GO:BP",0.940537067280662,"cellular homeostasis",42,5988,"GO:0042592"
"hubs",FALSE,0.940537067280662,11,20,5,0.25,0.454545454545455,"GO:0009890","GO:BP",0.940537067280662,"negative regulation of biosynthetic process",42,3735,"GO:0009058,GO:0009889,GO:0009892"
"hubs",FALSE,0.940537067280662,15,20,7,0.35,0.466666666666667,"GO:0007166","GO:BP",0.940537067280662,"cell surface receptor signaling pathway",42,2717,"GO:0007165"
"hubs",FALSE,0.940537067280662,2,20,1,0.05,0.5,"GO:0019221","GO:BP",0.940537067280662,"cytokine-mediated signaling pathway",42,5568,"GO:0007166,GO:0071345"
"hubs",FALSE,0.940537067280662,2,20,1,0.05,0.5,"GO:0006700","GO:BP",0.940537067280662,"C21-steroid hormone biosynthetic process",42,2399,"GO:0008207,GO:0042446,GO:0120178"
"hubs",FALSE,0.940537067280662,2,20,1,0.05,0.5,"GO:0016338","GO:BP",0.940537067280662,"calcium-independent cell-cell adhesion via plasma membrane cell-adhesion molecules",42,5188,"GO:0098742"
"hubs",FALSE,0.940537067280662,2,20,1,0.05,0.5,"GO:0016192","GO:BP",0.940537067280662,"vesicle-mediated transport",42,5143,"GO:0006810,GO:0009987"
"hubs",FALSE,0.940537067280662,8,20,4,0.2,0.5,"GO:0016055","GO:BP",0.940537067280662,"Wnt signaling pathway",42,5063,"GO:0007166"
"hubs",FALSE,0.940537067280662,22,20,10,0.5,0.454545454545455,"GO:0016043","GO:BP",0.940537067280662,"cellular component organization",42,5053,"GO:0071840"
"hubs",FALSE,0.940537067280662,2,20,1,0.05,0.5,"GO:0015980","GO:BP",0.940537067280662,"energy derivation by oxidation of organic compounds",42,5036,"GO:0006091"
"hubs",FALSE,0.940537067280662,2,20,1,0.05,0.5,"GO:0015850","GO:BP",0.940537067280662,"organic hydroxy compound transport",42,4935,"GO:0006810"
"hubs",FALSE,0.940537067280662,4,20,2,0.1,0.5,"GO:0015833","GO:BP",0.940537067280662,"peptide transport",42,4919,"GO:0042886"
"hubs",FALSE,0.940537067280662,2,20,1,0.05,0.5,"GO:0015718","GO:BP",0.940537067280662,"monocarboxylic acid transport",42,4814,"GO:0046942"
"hubs",FALSE,0.940537067280662,2,20,1,0.05,0.5,"GO:0014823","GO:BP",0.940537067280662,"response to activity",42,4681,"GO:0050896"
"hubs",FALSE,0.940537067280662,2,20,1,0.05,0.5,"GO:0006704","GO:BP",0.940537067280662,"glucocorticoid biosynthetic process",42,2403,"GO:0008211,GO:0120178"
"hubs",FALSE,0.940537067280662,2,20,1,0.05,0.5,"GO:0010975","GO:BP",0.940537067280662,"regulation of neuron projection development",42,4531,"GO:0031175,GO:0120035"
"hubs",FALSE,0.940537067280662,2,20,1,0.05,0.5,"GO:0006705","GO:BP",0.940537067280662,"mineralocorticoid biosynthetic process",42,2404,"GO:0008212,GO:0042446,GO:0120178"
"hubs",FALSE,0.940537067280662,2,20,1,0.05,0.5,"GO:0006833","GO:BP",0.940537067280662,"water transport",42,2496,"GO:0042044"
"hubs",FALSE,0.940537067280662,2,20,1,0.05,0.5,"GO:0006941","GO:BP",0.940537067280662,"striated muscle contraction",42,2568,"GO:0006936"
"hubs",FALSE,0.940537067280662,6,20,3,0.15,0.5,"GO:0010564","GO:BP",0.940537067280662,"regulation of cell cycle process",42,4200,"GO:0022402,GO:0051726"
"hubs",FALSE,0.940537067280662,11,20,5,0.25,0.454545454545455,"GO:0010558","GO:BP",0.940537067280662,"negative regulation of macromolecule biosynthetic process",42,4194,"GO:0009059,GO:0009890,GO:0010556,GO:0010605"
"hubs",FALSE,0.940537067280662,4,20,2,0.1,0.5,"GO:0007018","GO:BP",0.940537067280662,"microtubule-based movement",42,2613,"GO:0007017"
"hubs",FALSE,0.940537067280662,2,20,1,0.05,0.5,"GO:0010498","GO:BP",0.940537067280662,"proteasomal protein catabolic process",42,4161,"GO:0030163,GO:0051603"
"hubs",FALSE,0.940537067280662,4,20,2,0.1,0.5,"GO:0007043","GO:BP",0.940537067280662,"cell-cell junction assembly",42,2634,"GO:0034329,GO:0045216"
"hubs",FALSE,0.940537067280662,6,20,3,0.15,0.5,"GO:0007049","GO:BP",0.940537067280662,"cell cycle",42,2636,"GO:0009987"
"hubs",FALSE,0.940537067280662,27,20,13,0.65,0.481481481481481,"GO:0007154","GO:BP",0.940537067280662,"cell communication",42,2705,"GO:0009987"
"hubs",FALSE,0.940537067280662,26,20,12,0.6,0.461538461538462,"GO:0007165","GO:BP",0.940537067280662,"signal transduction",42,2716,"GO:0007154,GO:0009987,GO:0023052,GO:0050794,GO:0051716"
"hubs",FALSE,0.940537067280662,2,20,1,0.05,0.5,"GO:0009952","GO:BP",0.940537067280662,"anterior/posterior pattern specification",42,3775,"GO:0003002"
"hubs",FALSE,0.940537067280662,6,20,3,0.15,0.5,"GO:0007167","GO:BP",0.940537067280662,"enzyme-linked receptor protein signaling pathway",42,2718,"GO:0007166"
"hubs",FALSE,0.940537067280662,2,20,1,0.05,0.5,"GO:0042445","GO:BP",0.940537067280662,"hormone metabolic process",42,10092,"GO:0008152,GO:0010817"
"hubs",FALSE,0.940537067280662,6,20,3,0.15,0.5,"GO:0033554","GO:BP",0.940537067280662,"cellular response to stress",42,8226,"GO:0006950,GO:0051716"
"hubs",FALSE,0.940537067280662,2,20,1,0.05,0.5,"GO:0046184","GO:BP",0.940537067280662,"aldehyde biosynthetic process",42,11791,"GO:0006081,GO:0009058"
"hubs",FALSE,0.940537067280662,2,20,1,0.05,0.5,"GO:0001678","GO:BP",0.940537067280662,"intracellular glucose homeostasis",42,380,"GO:0042593,GO:0055082"
"hubs",FALSE,0.940537067280662,2,20,1,0.05,0.5,"GO:0001944","GO:BP",0.940537067280662,"vasculature development",42,553,"GO:0048731,GO:0072359"
"hubs",FALSE,0.940537067280662,4,20,2,0.1,0.5,"GO:0048609","GO:BP",0.940537067280662,"multicellular organismal reproductive process",42,12703,"GO:0022414"
"hubs",FALSE,0.940537067280662,4,20,2,0.1,0.5,"GO:0048608","GO:BP",0.940537067280662,"reproductive structure development",42,12702,"GO:0003006,GO:0048856,GO:0061458"
"hubs",FALSE,0.940537067280662,8,20,4,0.2,0.5,"GO:0048598","GO:BP",0.940537067280662,"embryonic morphogenesis",42,12698,"GO:0009653,GO:0009790"
"hubs",FALSE,0.940537067280662,4,20,2,0.1,0.5,"GO:0043491","GO:BP",0.940537067280662,"phosphatidylinositol 3-kinase/protein kinase B signal transduction",42,10639,"GO:0141124"
"hubs",FALSE,0.940537067280662,2,20,1,0.05,0.5,"GO:0001707","GO:BP",0.940537067280662,"mesoderm formation",42,397,"GO:0001704,GO:0048332"
"hubs",FALSE,0.940537067280662,2,20,1,0.05,0.5,"GO:0001714","GO:BP",0.940537067280662,"endodermal cell fate specification",42,404,"GO:0001708,GO:0001711"
"hubs",FALSE,0.940537067280662,2,20,1,0.05,0.5,"GO:0048514","GO:BP",0.940537067280662,"blood vessel morphogenesis",42,12632,"GO:0001568,GO:0035239"
"hubs",FALSE,0.940537067280662,2,20,1,0.05,0.5,"GO:0048511","GO:BP",0.940537067280662,"rhythmic process",42,12629,"GO:0008150"
"hubs",FALSE,0.940537067280662,2,20,1,0.05,0.5,"GO:0043549","GO:BP",0.940537067280662,"regulation of kinase activity",42,10666,"GO:0042325,GO:0051338"
"hubs",FALSE,0.940537067280662,6,20,3,0.15,0.5,"GO:0044057","GO:BP",0.940537067280662,"regulation of system process",42,10796,"GO:0003008,GO:0051239"
"hubs",FALSE,0.940537067280662,2,20,1,0.05,0.5,"GO:0001764","GO:BP",0.940537067280662,"neuron migration",42,428,"GO:0016477,GO:0048699"
"hubs",FALSE,0.940537067280662,2,20,1,0.05,0.5,"GO:0048339","GO:BP",0.940537067280662,"paraxial mesoderm development",42,12509,"GO:0007498,GO:0060485"
"hubs",FALSE,0.940537067280662,2,20,1,0.05,0.5,"GO:0044089","GO:BP",0.940537067280662,"positive regulation of cellular component biogenesis",42,10814,"GO:0044085,GO:0044087,GO:0048522"
"hubs",FALSE,0.940537067280662,2,20,1,0.05,0.5,"GO:0048332","GO:BP",0.940537067280662,"mesoderm morphogenesis",42,12502,"GO:0007498,GO:0048729"
"hubs",FALSE,0.940537067280662,6,20,3,0.15,0.5,"GO:0046903","GO:BP",0.940537067280662,"secretion",42,12263,"GO:0006810"
"hubs",FALSE,0.940537067280662,4,20,2,0.1,0.5,"GO:0046883","GO:BP",0.940537067280662,"regulation of hormone secretion",42,12251,"GO:0010646,GO:0010817,GO:0023051,GO:0046879,GO:1903530"
"hubs",FALSE,0.940537067280662,4,20,2,0.1,0.5,"GO:0001889","GO:BP",0.940537067280662,"liver development",42,513,"GO:0048732,GO:0061008"
"hubs",FALSE,0.940537067280662,2,20,1,0.05,0.5,"GO:0045137","GO:BP",0.940537067280662,"development of primary sexual characteristics",42,11140,"GO:0003006,GO:0007275,GO:0007548"
"hubs",FALSE,0.940537067280662,2,20,1,0.05,0.5,"GO:0046777","GO:BP",0.940537067280662,"protein autophosphorylation",42,12198,"GO:0006468"
"hubs",FALSE,0.940537067280662,2,20,1,0.05,0.5,"GO:0042446","GO:BP",0.940537067280662,"hormone biosynthetic process",42,10093,"GO:0009058,GO:0042445"
"hubs",FALSE,0.940537067280662,2,20,1,0.05,0.5,"GO:0046165","GO:BP",0.940537067280662,"alcohol biosynthetic process",42,11773,"GO:0006066,GO:0044283"
"hubs",FALSE,0.940537067280662,2,20,1,0.05,0.5,"GO:0001818","GO:BP",0.940537067280662,"negative regulation of cytokine production",42,473,"GO:0001816,GO:0001817,GO:0010629,GO:0051241"
"hubs",FALSE,0.940537067280662,9,20,4,0.2,0.444444444444444,"GO:0045934","GO:BP",0.940537067280662,"negative regulation of nucleobase-containing compound metabolic process",42,11566,"GO:0006139,GO:0009892,GO:0019219"
"hubs",FALSE,0.940537067280662,2,20,1,0.05,0.5,"GO:0001824","GO:BP",0.940537067280662,"blastocyst development",42,479,"GO:0001701,GO:0048856"
"hubs",FALSE,0.940537067280662,9,20,4,0.2,0.444444444444444,"GO:0045892","GO:BP",0.940537067280662,"negative regulation of DNA-templated transcription",42,11528,"GO:0006351,GO:0006355,GO:1902679"
"hubs",FALSE,0.940537067280662,2,20,1,0.05,0.5,"GO:0045860","GO:BP",0.940537067280662,"positive regulation of protein kinase activity",42,11510,"GO:0001934,GO:0033674,GO:0045859"
"hubs",FALSE,0.940537067280662,2,20,1,0.05,0.5,"GO:0001837","GO:BP",0.940537067280662,"epithelial to mesenchymal transition",42,492,"GO:0048762"
"hubs",FALSE,0.940537067280662,2,20,1,0.05,0.5,"GO:0002027","GO:BP",0.940537067280662,"regulation of heart rate",42,627,"GO:0008016,GO:0065008"
"hubs",FALSE,0.940537067280662,2,20,1,0.05,0.5,"GO:0045859","GO:BP",0.940537067280662,"regulation of protein kinase activity",42,11509,"GO:0001932,GO:0043549"
"hubs",FALSE,0.940537067280662,6,20,3,0.15,0.5,"GO:0043410","GO:BP",0.940537067280662,"positive regulation of MAPK cascade",42,10581,"GO:0000165,GO:0043408,GO:1902533"
"hubs",FALSE,0.940537067280662,2,20,1,0.05,0.5,"GO:0043405","GO:BP",0.940537067280662,"regulation of MAP kinase activity",42,10576,"GO:0071900"
"hubs",FALSE,0.940537067280662,2,20,1,0.05,0.5,"GO:0003015","GO:BP",0.940537067280662,"heart process",42,1464,"GO:0003013"
"hubs",FALSE,0.940537067280662,4,20,2,0.1,0.5,"GO:0042886","GO:BP",0.940537067280662,"amide transport",42,10338,"GO:0071705"
"hubs",FALSE,0.940537067280662,4,20,2,0.1,0.5,"GO:0000278","GO:BP",0.940537067280662,"mitotic cell cycle",42,76,"GO:0007049"
"hubs",FALSE,0.940537067280662,9,20,4,0.2,0.444444444444444,"GO:0003014","GO:BP",0.940537067280662,"renal system process",42,1463,"GO:0003008"
"hubs",FALSE,0.940537067280662,4,20,2,0.1,0.5,"GO:0043010","GO:BP",0.940537067280662,"camera-type eye development",42,10385,"GO:0001654"
"hubs",FALSE,0.940537067280662,2,20,1,0.05,0.5,"GO:0050808","GO:BP",0.940537067280662,"synapse organization",42,13102,"GO:0034330"
"hubs",FALSE,0.940537067280662,16,20,8,0.4,0.5,"GO:0050793","GO:BP",0.940537067280662,"regulation of developmental process",42,13089,"GO:0032502,GO:0050789"
"hubs",FALSE,0.940537067280662,2,20,1,0.05,0.5,"GO:0000902","GO:BP",0.940537067280662,"cell morphogenesis",42,238,"GO:0009653"
"hubs",FALSE,0.940537067280662,2,20,1,0.05,0.5,"GO:0001101","GO:BP",0.940537067280662,"response to acid chemical",42,285,"GO:0042221"
"hubs",FALSE,0.940537067280662,4,20,2,0.1,0.5,"GO:0001503","GO:BP",0.940537067280662,"ossification",42,318,"GO:0032501"
"hubs",FALSE,0.940537067280662,11,20,5,0.25,0.454545454545455,"GO:0003013","GO:BP",0.940537067280662,"circulatory system process",42,1462,"GO:0003008"
"hubs",FALSE,0.940537067280662,2,20,1,0.05,0.5,"GO:0043406","GO:BP",0.940537067280662,"positive regulation of MAP kinase activity",42,10577,"GO:0043405,GO:0043410,GO:0071902"
"hubs",FALSE,0.940537067280662,2,20,1,0.05,0.5,"GO:0001508","GO:BP",0.940537067280662,"action potential",42,321,"GO:0042391"
"hubs",FALSE,0.940537067280662,2,20,1,0.05,0.5,"GO:0003007","GO:BP",0.940537067280662,"heart morphogenesis",42,1456,"GO:0007507,GO:0009887"
"hubs",FALSE,0.940537067280662,2,20,1,0.05,0.5,"GO:0001525","GO:BP",0.940537067280662,"angiogenesis",42,328,"GO:0048514,GO:0048646"
"hubs",FALSE,0.940537067280662,4,20,2,0.1,0.5,"GO:0043297","GO:BP",0.940537067280662,"apical junction assembly",42,10510,"GO:0007043"
"hubs",FALSE,0.940537067280662,2,20,1,0.05,0.5,"GO:0001666","GO:BP",0.940537067280662,"response to hypoxia",42,375,"GO:0006950,GO:0036293"
"hubs",FALSE,0.940537067280662,6,20,3,0.15,0.5,"GO:0043269","GO:BP",0.940537067280662,"regulation of monoatomic ion transport",42,10497,"GO:0006811,GO:0051049"
"hubs",FALSE,0.940537067280662,2,20,1,0.05,0.5,"GO:0048736","GO:BP",0.940537067280662,"appendage development",42,12826,"GO:0007275,GO:0048856"
"hubs",FALSE,0.940537067280662,2,20,1,0.05,0.5,"GO:0048762","GO:BP",0.940537067280662,"mesenchymal cell differentiation",42,12846,"GO:0030154,GO:0060485"
"hubs",FALSE,0.940537067280662,2,20,1,0.05,0.5,"GO:0002793","GO:BP",0.940537067280662,"positive regulation of peptide secretion",42,1302,"GO:0002790,GO:0002791,GO:0051047"
"hubs",FALSE,0.940537067280662,24,20,11,0.55,0.458333333333333,"GO:0048856","GO:BP",0.940537067280662,"anatomical structure development",42,12931,"GO:0032502"
"hubs",FALSE,0.940537067280662,2,20,1,0.05,0.5,"GO:0001568","GO:BP",0.940537067280662,"blood vessel development",42,351,"GO:0001944,GO:0048856"
"hubs",FALSE,0.940537067280662,6,20,3,0.15,0.5,"GO:0050673","GO:BP",0.940537067280662,"epithelial cell proliferation",42,13036,"GO:0008283"
"hubs",FALSE,0.940537067280662,4,20,2,0.1,0.5,"GO:0050678","GO:BP",0.940537067280662,"regulation of epithelial cell proliferation",42,13041,"GO:0042127,GO:0050673"
"hubs",FALSE,0.940537067280662,2,20,1,0.05,0.5,"GO:0050714","GO:BP",0.940537067280662,"positive regulation of protein secretion",42,13054,"GO:0009306,GO:0050708,GO:0051222,GO:1903532"
"hubs",FALSE,0.940537067280662,4,20,2,0.1,0.5,"GO:0002790","GO:BP",0.940537067280662,"peptide secretion",42,1299,"GO:0015833,GO:0046903"
"hubs",FALSE,0.940537067280662,2,20,1,0.05,0.5,"GO:0045665","GO:BP",0.940537067280662,"negative regulation of neuron differentiation",42,11354,"GO:0030182,GO:0045596,GO:0045664"
"hubs",FALSE,0.945496482752138,20,20,9,0.45,0.45,"GO:0048731","GO:BP",0.945496482752138,"system development",42,12821,"GO:0007275,GO:0048856"
"hubs",FALSE,0.960402406600398,7,20,3,0.15,0.428571428571429,"GO:0007369","GO:BP",0.960402406600398,"gastrulation",42,2857,"GO:0048598"
"hubs",FALSE,0.960402406600398,7,20,3,0.15,0.428571428571429,"GO:0006629","GO:BP",0.960402406600398,"lipid metabolic process",42,2334,"GO:0044238"
"hubs",FALSE,0.960402406600398,7,20,3,0.15,0.428571428571429,"GO:0007610","GO:BP",0.960402406600398,"behavior",42,3053,"GO:0032501"
"hubs",FALSE,0.960402406600398,7,20,3,0.15,0.428571428571429,"GO:0007600","GO:BP",0.960402406600398,"sensory perception",42,3045,"GO:0050877"
"hubs",FALSE,0.960402406600398,7,20,3,0.15,0.428571428571429,"GO:0035270","GO:BP",0.960402406600398,"endocrine system development",42,8868,"GO:0048731"
"hubs",FALSE,0.960402406600398,7,20,3,0.15,0.428571428571429,"GO:0040008","GO:BP",0.960402406600398,"regulation of growth",42,9805,"GO:0040007,GO:0050789"
"hubs",FALSE,0.96990809507359,16,20,7,0.35,0.4375,"GO:0051239","GO:BP",0.96990809507359,"regulation of multicellular organismal process",42,13407,"GO:0032501,GO:0050789"
"hubs",FALSE,0.973046673844858,3,20,1,0.05,0.333333333333333,"GO:0045786","GO:BP",0.973046673844858,"negative regulation of cell cycle",42,11456,"GO:0007049,GO:0048523,GO:0051726"
"hubs",FALSE,0.973046673844858,12,20,5,0.25,0.416666666666667,"GO:0009892","GO:BP",0.973046673844858,"negative regulation of metabolic process",42,3737,"GO:0008152,GO:0019222,GO:0048523"
"hubs",FALSE,0.973046673844858,3,20,1,0.05,0.333333333333333,"GO:0003091","GO:BP",0.973046673844858,"renal water homeostasis",42,1533,"GO:0003014,GO:0050891"
"hubs",FALSE,0.973046673844858,3,20,1,0.05,0.333333333333333,"GO:0090068","GO:BP",0.973046673844858,"positive regulation of cell cycle process",42,17759,"GO:0010564,GO:0022402,GO:0045787"
"hubs",FALSE,0.973046673844858,3,20,1,0.05,0.333333333333333,"GO:0060828","GO:BP",0.973046673844858,"regulation of canonical Wnt signaling pathway",42,14761,"GO:0030111,GO:0060070"
"hubs",FALSE,0.973046673844858,5,20,2,0.1,0.4,"GO:0007169","GO:BP",0.973046673844858,"cell surface receptor protein tyrosine kinase signaling pathway",42,2720,"GO:0007167"
"hubs",FALSE,0.973046673844858,3,20,1,0.05,0.333333333333333,"GO:0090090","GO:BP",0.973046673844858,"negative regulation of canonical Wnt signaling pathway",42,17776,"GO:0030178,GO:0060070,GO:0060828"
"hubs",FALSE,0.973046673844858,3,20,1,0.05,0.333333333333333,"GO:0051223","GO:BP",0.973046673844858,"regulation of protein transport",42,13395,"GO:0015031,GO:0051049,GO:0070201"
"hubs",FALSE,0.973046673844858,5,20,2,0.1,0.4,"GO:0001654","GO:BP",0.973046673844858,"eye development",42,366,"GO:0007423,GO:0150063"
"hubs",FALSE,0.973046673844858,10,20,4,0.2,0.4,"GO:0048871","GO:BP",0.973046673844858,"multicellular organismal-level homeostasis",42,12945,"GO:0032501,GO:0042592"
"hubs",FALSE,0.973046673844858,5,20,2,0.1,0.4,"GO:0048880","GO:BP",0.973046673844858,"sensory system development",42,12951,"GO:0048731"
"hubs",FALSE,0.973046673844858,5,20,2,0.1,0.4,"GO:0060249","GO:BP",0.973046673844858,"anatomical structure homeostasis",42,14258,"GO:0048871"
"hubs",FALSE,0.973046673844858,3,20,1,0.05,0.333333333333333,"GO:0090087","GO:BP",0.973046673844858,"regulation of peptide transport",42,17773,"GO:0015833,GO:0051049"
"hubs",FALSE,0.973046673844858,3,20,1,0.05,0.333333333333333,"GO:2000147","GO:BP",0.973046673844858,"positive regulation of cell motility",42,25056,"GO:0040017,GO:0048522,GO:0048870,GO:2000145"
"hubs",FALSE,0.973046673844858,5,20,2,0.1,0.4,"GO:2000145","GO:BP",0.973046673844858,"regulation of cell motility",42,25054,"GO:0040012,GO:0048870,GO:0050794"
"hubs",FALSE,0.973046673844858,8,20,3,0.15,0.375,"GO:0007155","GO:BP",0.973046673844858,"cell adhesion",42,2706,"GO:0009987"
"hubs",FALSE,0.973046673844858,3,20,1,0.05,0.333333333333333,"GO:0043270","GO:BP",0.973046673844858,"positive regulation of monoatomic ion transport",42,10498,"GO:0006811,GO:0043269,GO:0051050"
"hubs",FALSE,0.973046673844858,3,20,1,0.05,0.333333333333333,"GO:0120254","GO:BP",0.973046673844858,"olefinic compound metabolic process",42,19320,"GO:0008152"
"hubs",FALSE,0.973046673844858,5,20,2,0.1,0.4,"GO:0043434","GO:BP",0.973046673844858,"response to peptide hormone",42,10594,"GO:0009725,GO:1901698,GO:1901700"
"hubs",FALSE,0.973046673844858,5,20,2,0.1,0.4,"GO:0001704","GO:BP",0.973046673844858,"formation of primary germ layer",42,394,"GO:0007369,GO:0048646"
"hubs",FALSE,0.973046673844858,3,20,1,0.05,0.333333333333333,"GO:0001706","GO:BP",0.973046673844858,"endoderm formation",42,396,"GO:0001704,GO:0007492"
"hubs",FALSE,0.973046673844858,3,20,1,0.05,0.333333333333333,"GO:0006955","GO:BP",0.973046673844858,"immune response",42,2575,"GO:0002376,GO:0050896"
"hubs",FALSE,0.973046673844858,8,20,3,0.15,0.375,"GO:0048646","GO:BP",0.973046673844858,"anatomical structure formation involved in morphogenesis",42,12737,"GO:0009653,GO:0032502"
"hubs",FALSE,0.973046673844858,5,20,2,0.1,0.4,"GO:0072359","GO:BP",0.973046673844858,"circulatory system development",42,17136,"GO:0048731"
"hubs",FALSE,0.973046673844858,5,20,2,0.1,0.4,"GO:1903530","GO:BP",0.973046673844858,"regulation of secretion by cell",42,22749,"GO:0032940,GO:0050794,GO:0051046"
"hubs",FALSE,0.973046673844858,5,20,2,0.1,0.4,"GO:0150063","GO:BP",0.973046673844858,"visual system development",42,19858,"GO:0048880"
"hubs",FALSE,0.973046673844858,12,20,5,0.25,0.416666666666667,"GO:0010605","GO:BP",0.973046673844858,"negative regulation of macromolecule metabolic process",42,4235,"GO:0009892,GO:0043170,GO:0060255"
"hubs",FALSE,0.973046673844858,3,20,1,0.05,0.333333333333333,"GO:0060041","GO:BP",0.973046673844858,"retina development in camera-type eye",42,14097,"GO:0043010,GO:0048856"
"hubs",FALSE,0.973046673844858,5,20,2,0.1,0.4,"GO:0032101","GO:BP",0.973046673844858,"regulation of response to external stimulus",42,7318,"GO:0009605,GO:0048583"
"hubs",FALSE,0.973046673844858,5,20,2,0.1,0.4,"GO:0051130","GO:BP",0.973046673844858,"positive regulation of cellular component organization",42,13334,"GO:0016043,GO:0048522,GO:0051128"
"hubs",FALSE,0.973046673844858,5,20,2,0.1,0.4,"GO:0007186","GO:BP",0.973046673844858,"G protein-coupled receptor signaling pathway",42,2731,"GO:0007165"
"hubs",FALSE,0.973046673844858,3,20,1,0.05,0.333333333333333,"GO:0090276","GO:BP",0.973046673844858,"regulation of peptide hormone secretion",42,17929,"GO:0002791,GO:0030072,GO:0046883"
"hubs",FALSE,0.973046673844858,3,20,1,0.05,0.333333333333333,"GO:0035987","GO:BP",0.973046673844858,"endodermal cell differentiation",42,9296,"GO:0001706,GO:0030154"
"hubs",FALSE,0.973046673844858,3,20,1,0.05,0.333333333333333,"GO:0042327","GO:BP",0.973046673844858,"positive regulation of phosphorylation",42,10002,"GO:0016310,GO:0042325,GO:0045937"
"hubs",FALSE,0.973046673844858,31,20,14,0.7,0.451612903225806,"GO:0050896","GO:BP",0.973046673844858,"response to stimulus",42,13167,"GO:0008150"
"hubs",FALSE,0.973046673844858,3,20,1,0.05,0.333333333333333,"GO:0042325","GO:BP",0.973046673844858,"regulation of phosphorylation",42,10000,"GO:0016310,GO:0019220"
"hubs",FALSE,0.973046673844858,3,20,1,0.05,0.333333333333333,"GO:0060485","GO:BP",0.973046673844858,"mesenchyme development",42,14468,"GO:0009888,GO:0048513"
"hubs",FALSE,0.973046673844858,3,20,1,0.05,0.333333333333333,"GO:0050796","GO:BP",0.973046673844858,"regulation of insulin secretion",42,13092,"GO:0030073,GO:0050708,GO:0090276"
"hubs",FALSE,0.973046673844858,33,20,15,0.75,0.454545454545455,"GO:0050794","GO:BP",0.973046673844858,"regulation of cellular process",42,13090,"GO:0009987,GO:0050789"
"hubs",FALSE,0.973046673844858,3,20,1,0.05,0.333333333333333,"GO:0060294","GO:BP",0.973046673844858,"cilium movement involved in cell motility",42,14300,"GO:0003341,GO:0060285"
"hubs",FALSE,0.973046673844858,3,20,1,0.05,0.333333333333333,"GO:1904035","GO:BP",0.973046673844858,"regulation of epithelial cell apoptotic process",42,23122,"GO:0042981,GO:1904019"
"hubs",FALSE,0.973046673844858,5,20,2,0.1,0.4,"GO:0008202","GO:BP",0.973046673844858,"steroid metabolic process",42,3115,"GO:0006629"
"hubs",FALSE,0.973046673844858,3,20,1,0.05,0.333333333333333,"GO:0008203","GO:BP",0.973046673844858,"cholesterol metabolic process",42,3116,"GO:0016125,GO:1902652"
"hubs",FALSE,0.973046673844858,5,20,2,0.1,0.4,"GO:0051046","GO:BP",0.973046673844858,"regulation of secretion",42,13283,"GO:0046903,GO:0051049"
"hubs",FALSE,0.973046673844858,3,20,1,0.05,0.333333333333333,"GO:0008211","GO:BP",0.973046673844858,"glucocorticoid metabolic process",42,3124,"GO:0008202"
"hubs",FALSE,0.973046673844858,3,20,1,0.05,0.333333333333333,"GO:1904019","GO:BP",0.973046673844858,"epithelial cell apoptotic process",42,23107,"GO:0006915"
"hubs",FALSE,0.973046673844858,3,20,1,0.05,0.333333333333333,"GO:0007492","GO:BP",0.973046673844858,"endoderm development",42,2964,"GO:0009888"
"hubs",FALSE,0.973046673844858,3,20,1,0.05,0.333333333333333,"GO:0034650","GO:BP",0.973046673844858,"cortisol metabolic process",42,8642,"GO:0008211,GO:0034308,GO:0042180,GO:0120254,GO:1902644"
"hubs",FALSE,0.973046673844858,8,20,3,0.15,0.375,"GO:0098609","GO:BP",0.973046673844858,"cell-cell adhesion",42,18556,"GO:0007155"
"hubs",FALSE,0.973046673844858,3,20,1,0.05,0.333333333333333,"GO:0097722","GO:BP",0.973046673844858,"sperm motility",42,18498,"GO:0022414,GO:0048870"
"hubs",FALSE,0.973046673844858,3,20,1,0.05,0.333333333333333,"GO:0060285","GO:BP",0.973046673844858,"cilium-dependent cell motility",42,14293,"GO:0001539"
"hubs",FALSE,0.973046673844858,3,20,1,0.05,0.333333333333333,"GO:0097305","GO:BP",0.973046673844858,"response to alcohol",42,18345,"GO:1901700"
"hubs",FALSE,0.973046673844858,8,20,3,0.15,0.375,"GO:0008284","GO:BP",0.973046673844858,"positive regulation of cell population proliferation",42,3137,"GO:0008283,GO:0042127,GO:0048522"
"hubs",FALSE,0.973046673844858,3,20,1,0.05,0.333333333333333,"GO:0002791","GO:BP",0.973046673844858,"regulation of peptide secretion",42,1300,"GO:0002790,GO:0051046,GO:0090087"
"hubs",FALSE,0.973046673844858,3,20,1,0.05,0.333333333333333,"GO:0036293","GO:BP",0.973046673844858,"response to decreased oxygen levels",42,9457,"GO:0070482"
"hubs",FALSE,0.973046673844858,3,20,1,0.05,0.333333333333333,"GO:0008643","GO:BP",0.973046673844858,"carbohydrate transport",42,3207,"GO:0006810"
"hubs",FALSE,0.973046673844858,3,20,1,0.05,0.333333333333333,"GO:0007346","GO:BP",0.973046673844858,"regulation of mitotic cell cycle",42,2841,"GO:0000278,GO:0051726"
"hubs",FALSE,0.973046673844858,3,20,1,0.05,0.333333333333333,"GO:0050708","GO:BP",0.973046673844858,"regulation of protein secretion",42,13052,"GO:0009306,GO:0051223,GO:1903530"
"hubs",FALSE,0.973046673844858,21,20,9,0.45,0.428571428571429,"GO:0009058","GO:BP",0.973046673844858,"biosynthetic process",42,3220,"GO:0008152"
"hubs",FALSE,0.973046673844858,3,20,1,0.05,0.333333333333333,"GO:1903829","GO:BP",0.973046673844858,"positive regulation of protein localization",42,22969,"GO:0008104,GO:0032880,GO:0048522"
"hubs",FALSE,0.973046673844858,3,20,1,0.05,0.333333333333333,"GO:0007188","GO:BP",0.973046673844858,"adenylate cyclase-modulating G protein-coupled receptor signaling pathway",42,2733,"GO:0007186"
"hubs",FALSE,0.973046673844858,3,20,1,0.05,0.333333333333333,"GO:0001539","GO:BP",0.973046673844858,"cilium or flagellum-dependent cell motility",42,329,"GO:0048870"
"hubs",FALSE,0.973046673844858,10,20,4,0.2,0.4,"GO:0051128","GO:BP",0.973046673844858,"regulation of cellular component organization",42,13332,"GO:0016043,GO:0050794"
"hubs",FALSE,0.973046673844858,3,20,1,0.05,0.333333333333333,"GO:0043062","GO:BP",0.973046673844858,"extracellular structure organization",42,10414,"GO:0016043"
"hubs",FALSE,0.973046673844858,3,20,1,0.05,0.333333333333333,"GO:0006816","GO:BP",0.973046673844858,"calcium ion transport",42,2487,"GO:0030001"
"hubs",FALSE,0.973046673844858,5,20,2,0.1,0.4,"GO:0010629","GO:BP",0.973046673844858,"negative regulation of gene expression",42,4258,"GO:0010467,GO:0010468,GO:0010558"
"hubs",FALSE,0.973046673844858,3,20,1,0.05,0.333333333333333,"GO:0010948","GO:BP",0.973046673844858,"negative regulation of cell cycle process",42,4506,"GO:0010564,GO:0022402,GO:0045786"
"hubs",FALSE,0.973046673844858,3,20,1,0.05,0.333333333333333,"GO:0006508","GO:BP",0.973046673844858,"proteolysis",42,2225,"GO:0019538"
"hubs",FALSE,0.973046673844858,8,20,3,0.15,0.375,"GO:0048585","GO:BP",0.973046673844858,"negative regulation of response to stimulus",42,12689,"GO:0048519,GO:0048583,GO:0050896"
"hubs",FALSE,0.973046673844858,3,20,1,0.05,0.333333333333333,"GO:0070201","GO:BP",0.973046673844858,"regulation of establishment of protein localization",42,15760,"GO:0032880,GO:0045184"
"hubs",FALSE,0.973046673844858,3,20,1,0.05,0.333333333333333,"GO:0045995","GO:BP",0.973046673844858,"regulation of embryonic development",42,11625,"GO:0009790,GO:2000026"
"hubs",FALSE,0.973046673844858,3,20,1,0.05,0.333333333333333,"GO:0001816","GO:BP",0.973046673844858,"cytokine production",42,471,"GO:0010467,GO:0032501"
"hubs",FALSE,0.973046673844858,3,20,1,0.05,0.333333333333333,"GO:0001817","GO:BP",0.973046673844858,"regulation of cytokine production",42,472,"GO:0001816,GO:0010468,GO:0051239"
"hubs",FALSE,0.973046673844858,5,20,2,0.1,0.4,"GO:0032870","GO:BP",0.973046673844858,"cellular response to hormone stimulus",42,7810,"GO:0009725,GO:0070887,GO:0071495"
"hubs",FALSE,0.973046673844858,5,20,2,0.1,0.4,"GO:0045927","GO:BP",0.973046673844858,"positive regulation of growth",42,11559,"GO:0040007,GO:0040008,GO:0048518"
"hubs",FALSE,0.973046673844858,3,20,1,0.05,0.333333333333333,"GO:0045907","GO:BP",0.973046673844858,"positive regulation of vasoconstriction",42,11541,"GO:0019229,GO:0042310,GO:0051240"
"hubs",FALSE,0.973046673844858,3,20,1,0.05,0.333333333333333,"GO:0071375","GO:BP",0.973046673844858,"cellular response to peptide hormone stimulus",42,16397,"GO:0032870,GO:0043434,GO:1901699,GO:1901701"
"hubs",FALSE,0.973046673844858,3,20,1,0.05,0.333333333333333,"GO:0051897","GO:BP",0.973046673844858,"positive regulation of phosphatidylinositol 3-kinase/protein kinase B signal transduction",42,13787,"GO:0043491,GO:0051896,GO:1902533"
"hubs",FALSE,0.973046673844858,3,20,1,0.05,0.333333333333333,"GO:0045229","GO:BP",0.973046673844858,"external encapsulating structure organization",42,11178,"GO:0016043"
"hubs",FALSE,0.973046673844858,8,20,3,0.15,0.375,"GO:1902533","GO:BP",0.973046673844858,"positive regulation of intracellular signal transduction",42,22043,"GO:0009967,GO:0035556,GO:1902531"
"hubs",FALSE,0.973046673844858,5,20,2,0.1,0.4,"GO:0045165","GO:BP",0.973046673844858,"cell fate commitment",42,11153,"GO:0030154,GO:0048869"
"hubs",FALSE,0.973046673844858,3,20,1,0.05,0.333333333333333,"GO:0030163","GO:BP",0.973046673844858,"protein catabolic process",42,6658,"GO:0009057,GO:0019538"
"hubs",FALSE,0.973046673844858,3,20,1,0.05,0.333333333333333,"GO:1902644","GO:BP",0.973046673844858,"tertiary alcohol metabolic process",42,22108,"GO:0006066"
"hubs",FALSE,0.973046673844858,3,20,1,0.05,0.333333333333333,"GO:0030198","GO:BP",0.973046673844858,"extracellular matrix organization",42,6674,"GO:0043062,GO:0045229"
"hubs",FALSE,0.973046673844858,3,20,1,0.05,0.333333333333333,"GO:0030317","GO:BP",0.973046673844858,"flagellated sperm motility",42,6731,"GO:0060285,GO:0060294,GO:0097722"
"hubs",FALSE,0.973046673844858,8,20,3,0.15,0.375,"GO:0045595","GO:BP",0.973046673844858,"regulation of cell differentiation",42,11284,"GO:0030154,GO:0050793,GO:0050794"
"hubs",FALSE,0.973046673844858,3,20,1,0.05,0.333333333333333,"GO:0030335","GO:BP",0.973046673844858,"positive regulation of cell migration",42,6744,"GO:0016477,GO:0030334,GO:2000147"
"hubs",FALSE,0.973046673844858,5,20,2,0.1,0.4,"GO:0045596","GO:BP",0.973046673844858,"negative regulation of cell differentiation",42,11285,"GO:0030154,GO:0045595,GO:0048523,GO:0051093"
"hubs",FALSE,0.973046673844858,3,20,1,0.05,0.333333333333333,"GO:0051924","GO:BP",0.973046673844858,"regulation of calcium ion transport",42,13803,"GO:0006816,GO:0010959"
"hubs",FALSE,0.973046673844858,3,20,1,0.05,0.333333333333333,"GO:0031018","GO:BP",0.973046673844858,"endocrine pancreas development",42,6958,"GO:0031016,GO:0035270,GO:0048856"
"hubs",FALSE,0.973046673844858,3,20,1,0.05,0.333333333333333,"GO:0051928","GO:BP",0.973046673844858,"positive regulation of calcium ion transport",42,13805,"GO:0006816,GO:0043270,GO:0051924"
"hubs",FALSE,0.973046673844858,3,20,1,0.05,0.333333333333333,"GO:0070482","GO:BP",0.973046673844858,"response to oxygen levels",42,15915,"GO:0009628"
"hubs",FALSE,0.973046673844858,3,20,1,0.05,0.333333333333333,"GO:0006091","GO:BP",0.973046673844858,"generation of precursor metabolites and energy",42,1950,"GO:0008152"
"hubs",FALSE,0.973046673844858,3,20,1,0.05,0.333333333333333,"GO:0031960","GO:BP",0.973046673844858,"response to corticosteroid",42,7264,"GO:0048545"
"hubs",FALSE,0.973046673844858,3,20,1,0.05,0.333333333333333,"GO:0045787","GO:BP",0.973046673844858,"positive regulation of cell cycle",42,11457,"GO:0007049,GO:0048522,GO:0051726"
"hubs",FALSE,0.973046673844858,3,20,1,0.05,0.333333333333333,"GO:0030178","GO:BP",0.973046673844858,"negative regulation of Wnt signaling pathway",42,6665,"GO:0009968,GO:0016055,GO:0030111"
"hubs",FALSE,0.973046673844858,5,20,2,0.1,0.4,"GO:0006066","GO:BP",0.973046673844858,"alcohol metabolic process",42,1929,"GO:0044281"
"hubs",FALSE,0.973046673844858,5,20,2,0.1,0.4,"GO:0003018","GO:BP",0.973046673844858,"vascular process in circulatory system",42,1467,"GO:0003013"
"hubs",FALSE,0.973046673844858,3,20,1,0.05,0.333333333333333,"GO:0065003","GO:BP",0.973046673844858,"protein-containing complex assembly",42,15663,"GO:0022607,GO:0043933"
"hubs",FALSE,0.973046673844858,3,20,1,0.05,0.333333333333333,"GO:0010959","GO:BP",0.973046673844858,"regulation of metal ion transport",42,4516,"GO:0030001,GO:0043269"
"hubs",FALSE,0.973046673844858,3,20,1,0.05,0.333333333333333,"GO:0034308","GO:BP",0.973046673844858,"primary alcohol metabolic process",42,8499,"GO:0006066"
"hubs",FALSE,0.973046673844858,3,20,1,0.05,0.333333333333333,"GO:0001711","GO:BP",0.973046673844858,"endodermal cell fate commitment",42,401,"GO:0035987,GO:0060795"
"hubs",FALSE,0.973046673844858,3,20,1,0.05,0.333333333333333,"GO:0048545","GO:BP",0.973046673844858,"response to steroid hormone",42,12659,"GO:0009725,GO:0033993"
"hubs",FALSE,0.973046673844858,3,20,1,0.05,0.333333333333333,"GO:0015711","GO:BP",0.973046673844858,"organic anion transport",42,4807,"GO:0006810"
"hubs",FALSE,0.973046673844858,19,20,8,0.4,0.421052631578947,"GO:0048523","GO:BP",0.973046673844858,"negative regulation of cellular process",42,12639,"GO:0009987,GO:0048519,GO:0050794"
"hubs",FALSE,0.973046673844858,3,20,1,0.05,0.333333333333333,"GO:0034219","GO:BP",0.973046673844858,"carbohydrate transmembrane transport",42,8444,"GO:0008643,GO:0055085"
"hubs",FALSE,0.973046673844858,3,20,1,0.05,0.333333333333333,"GO:0015849","GO:BP",0.973046673844858,"organic acid transport",42,4934,"GO:0006810"
"hubs",FALSE,0.973046673844858,19,20,8,0.4,0.421052631578947,"GO:0048519","GO:BP",0.973046673844858,"negative regulation of biological process",42,12635,"GO:0008150,GO:0050789"
"hubs",FALSE,0.973046673844858,3,20,1,0.05,0.333333333333333,"GO:0034097","GO:BP",0.973046673844858,"response to cytokine",42,8345,"GO:1901652"
"hubs",FALSE,0.973046673844858,8,20,3,0.15,0.375,"GO:0033993","GO:BP",0.973046673844858,"response to lipid",42,8310,"GO:0042221"
"hubs",FALSE,0.973046673844858,3,20,1,0.05,0.333333333333333,"GO:1901654","GO:BP",0.973046673844858,"response to ketone",42,21340,"GO:1901700"
"hubs",FALSE,0.973046673844858,5,20,2,0.1,0.4,"GO:0001894","GO:BP",0.973046673844858,"tissue homeostasis",42,517,"GO:0048871,GO:0060249"
"hubs",FALSE,0.973046673844858,5,20,2,0.1,0.4,"GO:1903522","GO:BP",0.973046673844858,"regulation of blood circulation",42,22741,"GO:0008015,GO:0044057"
"hubs",FALSE,0.973046673844858,3,20,1,0.05,0.333333333333333,"GO:0061512","GO:BP",0.973046673844858,"protein localization to cilium",42,15298,"GO:0033365"
"hubs",FALSE,0.973046673844858,3,20,1,0.05,0.333333333333333,"GO:0016125","GO:BP",0.973046673844858,"sterol metabolic process",42,5118,"GO:0008202"
"hubs",FALSE,0.973046673844858,3,20,1,0.05,0.333333333333333,"GO:0018212","GO:BP",0.973046673844858,"peptidyl-tyrosine modification",42,5346,"GO:0018193"
"hubs",FALSE,0.973046673844858,15,20,6,0.3,0.4,"GO:1901700","GO:BP",0.973046673844858,"response to oxygen-containing compound",42,21371,"GO:0042221"
"hubs",FALSE,0.973046673844858,3,20,1,0.05,0.333333333333333,"GO:0018108","GO:BP",0.973046673844858,"peptidyl-tyrosine phosphorylation",42,5302,"GO:0006468,GO:0018212"
"hubs",FALSE,0.973046673844858,3,20,1,0.05,0.333333333333333,"GO:0019229","GO:BP",0.973046673844858,"regulation of vasoconstriction",42,5573,"GO:0042310,GO:0097746,GO:1903522"
"hubs",FALSE,0.973046673844858,3,20,1,0.05,0.333333333333333,"GO:0001932","GO:BP",0.973046673844858,"regulation of protein phosphorylation",42,544,"GO:0006468,GO:0031399,GO:0042325"
"hubs",FALSE,0.973046673844858,3,20,1,0.05,0.333333333333333,"GO:0046942","GO:BP",0.973046673844858,"carboxylic acid transport",42,12271,"GO:0015711,GO:0015849"
"hubs",FALSE,0.973046673844858,3,20,1,0.05,0.333333333333333,"GO:0018193","GO:BP",0.973046673844858,"peptidyl-amino acid modification",42,5328,"GO:0036211"
"hubs",FALSE,0.973046673844858,3,20,1,0.05,0.333333333333333,"GO:0001934","GO:BP",0.973046673844858,"positive regulation of protein phosphorylation",42,546,"GO:0001932,GO:0006468,GO:0031401,GO:0042327"
"hubs",FALSE,0.979345492616655,4,20,1,0.05,0.25,"GO:0002376","GO:BP",0.979345492616655,"immune system process",42,904,"GO:0008150"
"hubs",FALSE,0.979345492616655,14,20,5,0.25,0.357142857142857,"GO:2001141","GO:BP",0.979345492616655,"regulation of RNA biosynthetic process",42,25908,"GO:0010556,GO:0032774,GO:0051252"
"hubs",FALSE,0.979345492616655,14,20,5,0.25,0.357142857142857,"GO:0006139","GO:BP",0.979345492616655,"nucleobase-containing compound metabolic process",42,1979,"GO:0044238"
"hubs",FALSE,0.979345492616655,9,20,3,0.15,0.333333333333333,"GO:1901701","GO:BP",0.979345492616655,"cellular response to oxygen-containing compound",42,21372,"GO:0070887,GO:1901700"
"hubs",FALSE,0.979345492616655,12,20,4,0.2,0.333333333333333,"GO:1901698","GO:BP",0.979345492616655,"response to nitrogen compound",42,21369,"GO:0042221"
"hubs",FALSE,0.979345492616655,11,20,4,0.2,0.363636363636364,"GO:1902531","GO:BP",0.979345492616655,"regulation of intracellular signal transduction",42,22041,"GO:0009966,GO:0035556"
"hubs",FALSE,0.979345492616655,4,20,1,0.05,0.25,"GO:0140962","GO:BP",0.979345492616655,"multicellular organismal-level chemical homeostasis",42,19692,"GO:0048871,GO:0048878"
"hubs",FALSE,0.979345492616655,14,20,5,0.25,0.357142857142857,"GO:0006351","GO:BP",0.979345492616655,"DNA-templated transcription",42,2120,"GO:0010467,GO:0032774"
"hubs",FALSE,0.979345492616655,12,20,4,0.2,0.333333333333333,"GO:0006366","GO:BP",0.979345492616655,"transcription by RNA polymerase II",42,2133,"GO:0006351"
"hubs",FALSE,0.979345492616655,9,20,3,0.15,0.333333333333333,"GO:2000026","GO:BP",0.979345492616655,"regulation of multicellular organismal development",42,24952,"GO:0007275,GO:0050793,GO:0051239"
"hubs",FALSE,0.979345492616655,4,20,1,0.05,0.25,"GO:0006082","GO:BP",0.979345492616655,"organic acid metabolic process",42,1943,"GO:0044281"
"hubs",FALSE,0.979345492616655,12,20,4,0.2,0.333333333333333,"GO:0006357","GO:BP",0.979345492616655,"regulation of transcription by RNA polymerase II",42,2126,"GO:0006355,GO:0006366"
"hubs",FALSE,0.979345492616655,14,20,5,0.25,0.357142857142857,"GO:0006355","GO:BP",0.979345492616655,"regulation of DNA-templated transcription",42,2124,"GO:0006351,GO:0010468,GO:2001141"
"hubs",FALSE,0.979345492616655,14,20,5,0.25,0.357142857142857,"GO:0141187","GO:BP",0.979345492616655,"nucleic acid biosynthetic process",42,19814,"GO:0009059,GO:0034654,GO:0090304"
"hubs",FALSE,0.979345492616655,4,20,1,0.05,0.25,"GO:0006468","GO:BP",0.979345492616655,"protein phosphorylation",42,2199,"GO:0016310,GO:0036211"
"hubs",FALSE,0.979345492616655,4,20,1,0.05,0.25,"GO:0050891","GO:BP",0.979345492616655,"multicellular organismal-level water homeostasis",42,13163,"GO:0050878,GO:0140962"
"hubs",FALSE,0.979345492616655,4,20,1,0.05,0.25,"GO:0031399","GO:BP",0.979345492616655,"regulation of protein modification process",42,7116,"GO:0036211,GO:0051246"
"hubs",FALSE,0.979345492616655,14,20,5,0.25,0.357142857142857,"GO:0034654","GO:BP",0.979345492616655,"nucleobase-containing compound biosynthetic process",42,8645,"GO:0006139,GO:0009058"
"hubs",FALSE,0.979345492616655,6,20,2,0.1,0.333333333333333,"GO:0033500","GO:BP",0.979345492616655,"carbohydrate homeostasis",42,8183,"GO:0048878"
"hubs",FALSE,0.979345492616655,6,20,2,0.1,0.333333333333333,"GO:0065009","GO:BP",0.979345492616655,"regulation of molecular function",42,15668,"GO:0065007"
"hubs",FALSE,0.979345492616655,14,20,5,0.25,0.357142857142857,"GO:0032774","GO:BP",0.979345492616655,"RNA biosynthetic process",42,7758,"GO:0016070,GO:0141187"
"hubs",FALSE,0.979345492616655,4,20,1,0.05,0.25,"GO:0031401","GO:BP",0.979345492616655,"positive regulation of protein modification process",42,7118,"GO:0031399,GO:0036211,GO:0051247"
"hubs",FALSE,0.979345492616655,4,20,1,0.05,0.25,"GO:0031175","GO:BP",0.979345492616655,"neuron projection development",42,7049,"GO:0048666,GO:0120036"
"hubs",FALSE,0.979345492616655,7,20,2,0.1,0.285714285714286,"GO:0031016","GO:BP",0.979345492616655,"pancreas development",42,6956,"GO:0048513"
"hubs",FALSE,0.979345492616655,14,20,5,0.25,0.357142857142857,"GO:0035556","GO:BP",0.979345492616655,"intracellular signal transduction",42,9022,"GO:0007165"
"hubs",FALSE,0.979345492616655,4,20,1,0.05,0.25,"GO:0030334","GO:BP",0.979345492616655,"regulation of cell migration",42,6743,"GO:0016477,GO:2000145"
"hubs",FALSE,0.979345492616655,4,20,1,0.05,0.25,"GO:0030155","GO:BP",0.979345492616655,"regulation of cell adhesion",42,6655,"GO:0007155,GO:0050794"
"hubs",FALSE,0.979345492616655,6,20,2,0.1,0.333333333333333,"GO:0030111","GO:BP",0.979345492616655,"regulation of Wnt signaling pathway",42,6648,"GO:0009966,GO:0016055"
"hubs",FALSE,0.979345492616655,4,20,1,0.05,0.25,"GO:0071396","GO:BP",0.979345492616655,"cellular response to lipid",42,16418,"GO:0033993,GO:0070887"
"hubs",FALSE,0.979345492616655,6,20,2,0.1,0.333333333333333,"GO:0023057","GO:BP",0.979345492616655,"negative regulation of signaling",42,6609,"GO:0023051,GO:0023052,GO:0048519"
"hubs",FALSE,0.979345492616655,9,20,3,0.15,0.333333333333333,"GO:0023056","GO:BP",0.979345492616655,"positive regulation of signaling",42,6608,"GO:0023051,GO:0023052,GO:0048518"
"hubs",FALSE,0.979345492616655,4,20,1,0.05,0.25,"GO:0022407","GO:BP",0.979345492616655,"regulation of cell-cell adhesion",42,6566,"GO:0030155,GO:0098609"
"hubs",FALSE,0.979345492616655,7,20,2,0.1,0.285714285714286,"GO:0022008","GO:BP",0.979345492616655,"neurogenesis",42,6530,"GO:0007399,GO:0030154"
"hubs",FALSE,0.979345492616655,7,20,2,0.1,0.285714285714286,"GO:0030182","GO:BP",0.979345492616655,"neuron differentiation",42,6666,"GO:0030154,GO:0048699"
"hubs",FALSE,0.979345492616655,4,20,1,0.05,0.25,"GO:0042180","GO:BP",0.979345492616655,"ketone metabolic process",42,9916,"GO:0008152"
"hubs",FALSE,0.979345492616655,6,20,2,0.1,0.333333333333333,"GO:0042593","GO:BP",0.979345492616655,"glucose homeostasis",42,10160,"GO:0033500"
"hubs",FALSE,0.979345492616655,4,20,1,0.05,0.25,"GO:0043085","GO:BP",0.979345492616655,"positive regulation of catalytic activity",42,10423,"GO:0044093,GO:0050790"
"hubs",FALSE,0.979345492616655,9,20,3,0.15,0.333333333333333,"GO:0050877","GO:BP",0.979345492616655,"nervous system process",42,13150,"GO:0003008"
"hubs",FALSE,0.979345492616655,4,20,1,0.05,0.25,"GO:0050790","GO:BP",0.979345492616655,"regulation of catalytic activity",42,13087,"GO:0065009"
"hubs",FALSE,0.979345492616655,11,20,4,0.2,0.363636363636364,"GO:0051049","GO:BP",0.979345492616655,"regulation of transport",42,13286,"GO:0006810,GO:0032879"
"hubs",FALSE,0.979345492616655,7,20,2,0.1,0.285714285714286,"GO:0051050","GO:BP",0.979345492616655,"positive regulation of transport",42,13287,"GO:0006810,GO:0048518,GO:0051049"
"hubs",FALSE,0.979345492616655,34,20,15,0.75,0.441176470588235,"GO:0050789","GO:BP",0.979345492616655,"regulation of biological process",42,13086,"GO:0008150,GO:0065007"
"hubs",FALSE,0.979345492616655,9,20,3,0.15,0.333333333333333,"GO:0051094","GO:BP",0.979345492616655,"positive regulation of developmental process",42,13316,"GO:0032502,GO:0048518,GO:0050793"
"hubs",FALSE,0.979345492616655,4,20,1,0.05,0.25,"GO:0051174","GO:BP",0.979345492616655,"regulation of phosphorus metabolic process",42,13374,"GO:0006793,GO:0019222"
"hubs",FALSE,0.979345492616655,7,20,2,0.1,0.285714285714286,"GO:0048870","GO:BP",0.979345492616655,"cell motility",42,12944,"GO:0009987"
"hubs",FALSE,0.979345492616655,4,20,1,0.05,0.25,"GO:0051247","GO:BP",0.979345492616655,"positive regulation of protein metabolic process",42,13412,"GO:0010604,GO:0019538,GO:0051246"
"hubs",FALSE,0.979345492616655,14,20,5,0.25,0.357142857142857,"GO:0051252","GO:BP",0.979345492616655,"regulation of RNA metabolic process",42,13417,"GO:0016070,GO:0019219,GO:0060255"
"hubs",FALSE,0.979345492616655,7,20,2,0.1,0.285714285714286,"GO:0048699","GO:BP",0.979345492616655,"generation of neurons",42,12789,"GO:0022008"
"hubs",FALSE,0.979345492616655,9,20,3,0.15,0.333333333333333,"GO:0048468","GO:BP",0.979345492616655,"cell development",42,12602,"GO:0030154,GO:0048856,GO:0048869"
"hubs",FALSE,0.979345492616655,4,20,1,0.05,0.25,"GO:0045937","GO:BP",0.979345492616655,"positive regulation of phosphate metabolic process",42,11569,"GO:0006796,GO:0010562,GO:0019220"
"hubs",FALSE,0.979345492616655,4,20,1,0.05,0.25,"GO:0044283","GO:BP",0.979345492616655,"small molecule biosynthetic process",42,10852,"GO:0009058,GO:0044281"
"hubs",FALSE,0.979345492616655,7,20,2,0.1,0.285714285714286,"GO:0044281","GO:BP",0.979345492616655,"small molecule metabolic process",42,10850,"GO:0008152"
"hubs",FALSE,0.979345492616655,23,20,9,0.45,0.391304347826087,"GO:0044238","GO:BP",0.979345492616655,"primary metabolic process",42,10839,"GO:0008152"
"hubs",FALSE,0.979345492616655,4,20,1,0.05,0.25,"GO:0043436","GO:BP",0.979345492616655,"oxoacid metabolic process",42,10596,"GO:0006082"
"hubs",FALSE,0.979345492616655,4,20,1,0.05,0.25,"GO:0050886","GO:BP",0.979345492616655,"endocrine process",42,13158,"GO:0003008"
"hubs",FALSE,0.979345492616655,7,20,2,0.1,0.285714285714286,"GO:0019538","GO:BP",0.979345492616655,"protein metabolic process",42,5841,"GO:0043170,GO:0044238"
"hubs",FALSE,0.979345492616655,4,20,1,0.05,0.25,"GO:0043933","GO:BP",0.979345492616655,"protein-containing complex organization",42,10766,"GO:0016043"
"hubs",FALSE,0.979345492616655,4,20,1,0.05,0.25,"GO:0019220","GO:BP",0.979345492616655,"regulation of phosphate metabolic process",42,5567,"GO:0006796,GO:0051174"
"hubs",FALSE,0.979345492616655,18,20,7,0.35,0.388888888888889,"GO:0010467","GO:BP",0.979345492616655,"gene expression",42,4144,"GO:0009059"
"hubs",FALSE,0.979345492616655,6,20,2,0.1,0.333333333333333,"GO:0009968","GO:BP",0.979345492616655,"negative regulation of signal transduction",42,3791,"GO:0007165,GO:0009966,GO:0010648,GO:0023057,GO:0048585"
"hubs",FALSE,0.979345492616655,9,20,3,0.15,0.333333333333333,"GO:0009967","GO:BP",0.979345492616655,"positive regulation of signal transduction",42,3790,"GO:0007165,GO:0009966,GO:0010647,GO:0023056,GO:0048584"
"hubs",FALSE,0.979345492616655,4,20,1,0.05,0.25,"GO:0010562","GO:BP",0.979345492616655,"positive regulation of phosphorus metabolic process",42,4198,"GO:0006793,GO:0009893,GO:0051174"
"hubs",FALSE,0.979345492616655,18,20,7,0.35,0.388888888888889,"GO:0009889","GO:BP",0.979345492616655,"regulation of biosynthetic process",42,3734,"GO:0009058,GO:0019222"
"hubs",FALSE,0.979345492616655,7,20,2,0.1,0.285714285714286,"GO:0010628","GO:BP",0.979345492616655,"positive regulation of gene expression",42,4257,"GO:0010467,GO:0010468,GO:0010557"
"hubs",FALSE,0.979345492616655,6,20,2,0.1,0.333333333333333,"GO:0009605","GO:BP",0.979345492616655,"response to external stimulus",42,3519,"GO:0050896"
"hubs",FALSE,0.979345492616655,18,20,7,0.35,0.388888888888889,"GO:0010556","GO:BP",0.979345492616655,"regulation of macromolecule biosynthetic process",42,4192,"GO:0009059,GO:0009889,GO:0060255"
"hubs",FALSE,0.979345492616655,18,20,7,0.35,0.388888888888889,"GO:0009059","GO:BP",0.979345492616655,"macromolecule biosynthetic process",42,3221,"GO:0009058,GO:0043170"
"hubs",FALSE,0.979345492616655,4,20,1,0.05,0.25,"GO:0009057","GO:BP",0.979345492616655,"macromolecule catabolic process",42,3219,"GO:0009056,GO:0043170"
"hubs",FALSE,0.979345492616655,14,20,5,0.25,0.357142857142857,"GO:0090304","GO:BP",0.979345492616655,"nucleic acid metabolic process",42,17951,"GO:0006139,GO:0043170"
"hubs",FALSE,0.979345492616655,4,20,1,0.05,0.25,"GO:0008610","GO:BP",0.979345492616655,"lipid biosynthetic process",42,3192,"GO:0006629,GO:0009058"
"hubs",FALSE,0.979345492616655,14,20,5,0.25,0.357142857142857,"GO:0019219","GO:BP",0.979345492616655,"regulation of nucleobase-containing compound metabolic process",42,5566,"GO:0006139,GO:0080090"
"hubs",FALSE,0.979345492616655,4,20,1,0.05,0.25,"GO:0016477","GO:BP",0.979345492616655,"cell migration",42,5204,"GO:0048870"
"hubs",FALSE,0.979345492616655,27,20,11,0.55,0.407407407407407,"GO:0008152","GO:BP",0.979345492616655,"metabolic process",42,3111,"GO:0009987"
"hubs",FALSE,0.979345492616655,9,20,3,0.15,0.333333333333333,"GO:0010647","GO:BP",0.979345492616655,"positive regulation of cell communication",42,4276,"GO:0007154,GO:0010646,GO:0048522"
"hubs",FALSE,0.979345492616655,6,20,2,0.1,0.333333333333333,"GO:0008217","GO:BP",0.979345492616655,"regulation of blood pressure",42,3130,"GO:0008015,GO:0065008"
"hubs",FALSE,0.979345492616655,14,20,5,0.25,0.357142857142857,"GO:0016070","GO:BP",0.979345492616655,"RNA metabolic process",42,5072,"GO:0090304"
"hubs",FALSE,0.979345492616655,7,20,2,0.1,0.285714285714286,"GO:0010648","GO:BP",0.979345492616655,"negative regulation of cell communication",42,4277,"GO:0007154,GO:0010646,GO:0048523"
"hubs",FALSE,0.979345492616655,11,20,4,0.2,0.363636363636364,"GO:0008283","GO:BP",0.979345492616655,"cell population proliferation",42,3136,"GO:0009987"
"hubs",FALSE,0.979345492616655,4,20,1,0.05,0.25,"GO:0016310","GO:BP",0.979345492616655,"phosphorylation",42,5173,"GO:0006796"
"hubs",FALSE,0.979345492616655,18,20,7,0.35,0.388888888888889,"GO:0010468","GO:BP",0.979345492616655,"regulation of gene expression",42,4145,"GO:0010467,GO:0010556"
"hubs",FALSE,0.979410151285648,21,20,8,0.4,0.380952380952381,"GO:0043170","GO:BP",0.979410151285648,"macromolecule metabolic process",42,10470,"GO:0008152"
"hubs",FALSE,0.981689298246728,19,20,7,0.35,0.368421052631579,"GO:0048583","GO:BP",0.981689298246728,"regulation of response to stimulus",42,12687,"GO:0050789,GO:0050896"
"hubs",FALSE,0.981689298246728,10,20,3,0.15,0.3,"GO:0045935","GO:BP",0.981689298246728,"positive regulation of nucleobase-containing compound metabolic process",42,11567,"GO:0006139,GO:0009893,GO:0019219"
"hubs",FALSE,0.981689298246728,17,20,6,0.3,0.352941176470588,"GO:0009966","GO:BP",0.981689298246728,"regulation of signal transduction",42,3789,"GO:0007165,GO:0010646,GO:0023051,GO:0048583"
"hubs",FALSE,0.981689298246728,10,20,3,0.15,0.3,"GO:0008219","GO:BP",0.981689298246728,"cell death",42,3132,"GO:0009987"
"hubs",FALSE,0.981689298246728,10,20,3,0.15,0.3,"GO:0043067","GO:BP",0.981689298246728,"regulation of programmed cell death",42,10418,"GO:0012501,GO:0050794"
"hubs",FALSE,0.981689298246728,10,20,3,0.15,0.3,"GO:0042981","GO:BP",0.981689298246728,"regulation of apoptotic process",42,10372,"GO:0006915,GO:0043067"
"hubs",FALSE,0.981689298246728,19,20,7,0.35,0.368421052631579,"GO:0060255","GO:BP",0.981689298246728,"regulation of macromolecule metabolic process",42,14264,"GO:0019222,GO:0043170"
"hubs",FALSE,0.981689298246728,10,20,3,0.15,0.3,"GO:0042127","GO:BP",0.981689298246728,"regulation of cell population proliferation",42,9890,"GO:0008283,GO:0050794"
"hubs",FALSE,0.981689298246728,10,20,3,0.15,0.3,"GO:0012501","GO:BP",0.981689298246728,"programmed cell death",42,4551,"GO:0008219"
"hubs",FALSE,0.981689298246728,10,20,3,0.15,0.3,"GO:0006915","GO:BP",0.981689298246728,"apoptotic process",42,2553,"GO:0012501"
"hubs",FALSE,0.981689298246728,10,20,3,0.15,0.3,"GO:0006950","GO:BP",0.981689298246728,"response to stress",42,2571,"GO:0050896"
"hubs",FALSE,0.981689298246728,17,20,6,0.3,0.352941176470588,"GO:0023051","GO:BP",0.981689298246728,"regulation of signaling",42,6606,"GO:0023052,GO:0050789"
"hubs",FALSE,0.983318484364686,5,20,1,0.05,0.2,"GO:0036211","GO:BP",0.983318484364686,"protein modification process",42,9413,"GO:0019538,GO:0043412"
"hubs",FALSE,0.983318484364686,5,20,1,0.05,0.2,"GO:0007605","GO:BP",0.983318484364686,"sensory perception of sound",42,3050,"GO:0050954"
"hubs",FALSE,0.983318484364686,5,20,1,0.05,0.2,"GO:0048666","GO:BP",0.983318484364686,"neuron development",42,12757,"GO:0030182,GO:0048468"
"hubs",FALSE,0.983318484364686,13,20,4,0.2,0.307692307692308,"GO:0032879","GO:BP",0.983318484364686,"regulation of localization",42,7819,"GO:0050789,GO:0051179"
"hubs",FALSE,0.983318484364686,5,20,1,0.05,0.2,"GO:0060341","GO:BP",0.983318484364686,"regulation of cellular localization",42,14344,"GO:0032879,GO:0050794,GO:0051641"
"hubs",FALSE,0.983318484364686,5,20,1,0.05,0.2,"GO:0006796","GO:BP",0.983318484364686,"phosphate-containing compound metabolic process",42,2474,"GO:0006793"
"hubs",FALSE,0.983318484364686,5,20,1,0.05,0.2,"GO:0006793","GO:BP",0.983318484364686,"phosphorus metabolic process",42,2471,"GO:0008152"
"hubs",FALSE,0.983318484364686,8,20,2,0.1,0.25,"GO:0045944","GO:BP",0.983318484364686,"positive regulation of transcription by RNA polymerase II",42,11575,"GO:0006357,GO:0006366,GO:0045893"
"hubs",FALSE,0.983318484364686,5,20,1,0.05,0.2,"GO:0032880","GO:BP",0.983318484364686,"regulation of protein localization",42,7820,"GO:0008104,GO:0060341"
"hubs",FALSE,0.983318484364686,8,20,2,0.1,0.25,"GO:0043066","GO:BP",0.983318484364686,"negative regulation of apoptotic process",42,10417,"GO:0006915,GO:0042981,GO:0043069"
"hubs",FALSE,0.983318484364686,5,20,1,0.05,0.2,"GO:0045597","GO:BP",0.983318484364686,"positive regulation of cell differentiation",42,11286,"GO:0030154,GO:0045595,GO:0048522,GO:0051094"
"hubs",FALSE,0.983318484364686,38,20,17,0.85,0.447368421052632,"GO:0065007","GO:BP",0.983318484364686,"biological regulation",42,15666,"GO:0008150"
"hubs",FALSE,0.983318484364686,8,20,2,0.1,0.25,"GO:0043069","GO:BP",0.983318484364686,"negative regulation of programmed cell death",42,10420,"GO:0012501,GO:0043067,GO:0048523"
"hubs",FALSE,0.983318484364686,5,20,1,0.05,0.2,"GO:0044093","GO:BP",0.983318484364686,"positive regulation of molecular function",42,10818,"GO:0065009"
"hubs",FALSE,0.983318484364686,5,20,1,0.05,0.2,"GO:0050954","GO:BP",0.983318484364686,"sensory perception of mechanical stimulus",42,13224,"GO:0007600"
"hubs",FALSE,0.983318484364686,5,20,1,0.05,0.2,"GO:0043412","GO:BP",0.983318484364686,"macromolecule modification",42,10582,"GO:0043170"
"hubs",FALSE,0.983318484364686,5,20,1,0.05,0.2,"GO:1901699","GO:BP",0.983318484364686,"cellular response to nitrogen compound",42,21370,"GO:0070887,GO:1901698"
"hubs",FALSE,0.983318484364686,5,20,1,0.05,0.2,"GO:0003073","GO:BP",0.983318484364686,"regulation of systemic arterial blood pressure",42,1522,"GO:0008217"
"hubs",FALSE,0.983318484364686,5,20,1,0.05,0.2,"GO:0051246","GO:BP",0.983318484364686,"regulation of protein metabolic process",42,13411,"GO:0019538,GO:0060255,GO:0080090"
"hubs",FALSE,0.983402514022185,20,20,7,0.35,0.35,"GO:0019222","GO:BP",0.983402514022185,"regulation of metabolic process",42,5569,"GO:0008152,GO:0050794"
"hubs",FALSE,0.985852849339095,18,20,6,0.3,0.333333333333333,"GO:0010646","GO:BP",0.985852849339095,"regulation of cell communication",42,4275,"GO:0007154,GO:0050794"
"hubs",FALSE,0.986529600897078,11,20,3,0.15,0.272727272727273,"GO:0048584","GO:BP",0.986529600897078,"positive regulation of response to stimulus",42,12688,"GO:0048518,GO:0048583,GO:0050896"
"hubs",FALSE,0.988365368046085,16,20,5,0.25,0.3125,"GO:0080090","GO:BP",0.988365368046085,"regulation of primary metabolic process",42,17565,"GO:0019222,GO:0044238"
"hubs",FALSE,0.990003755650327,6,20,1,0.05,0.166666666666667,"GO:0009056","GO:BP",0.990003755650327,"catabolic process",42,3218,"GO:0008152"
"hubs",FALSE,0.990003755650327,21,20,7,0.35,0.333333333333333,"GO:0048522","GO:BP",0.990003755650327,"positive regulation of cellular process",42,12638,"GO:0009987,GO:0048518,GO:0050794"
"hubs",FALSE,0.990003755650327,9,20,2,0.1,0.222222222222222,"GO:0051254","GO:BP",0.990003755650327,"positive regulation of RNA metabolic process",42,13419,"GO:0010604,GO:0016070,GO:0045935,GO:0051252"
"hubs",FALSE,0.990003755650327,14,20,4,0.2,0.285714285714286,"GO:0010604","GO:BP",0.990003755650327,"positive regulation of macromolecule metabolic process",42,4234,"GO:0009893,GO:0043170,GO:0060255"
"hubs",FALSE,0.990003755650327,23,20,8,0.4,0.347826086956522,"GO:0048518","GO:BP",0.990003755650327,"positive regulation of biological process",42,12634,"GO:0008150,GO:0050789"
"hubs",FALSE,0.990003755650327,14,20,4,0.2,0.285714285714286,"GO:0009893","GO:BP",0.990003755650327,"positive regulation of metabolic process",42,3738,"GO:0008152,GO:0019222,GO:0048522"
"hubs",FALSE,0.990003755650327,9,20,2,0.1,0.222222222222222,"GO:0045893","GO:BP",0.990003755650327,"positive regulation of DNA-templated transcription",42,11529,"GO:0006351,GO:0006355,GO:1902680"
"hubs",FALSE,0.990003755650327,9,20,2,0.1,0.222222222222222,"GO:1902680","GO:BP",0.990003755650327,"positive regulation of RNA biosynthetic process",42,22130,"GO:0010557,GO:0032774,GO:0051254,GO:2001141"
"hubs",FALSE,0.990091549892207,12,20,3,0.15,0.25,"GO:0009891","GO:BP",0.990091549892207,"positive regulation of biosynthetic process",42,3736,"GO:0009058,GO:0009889,GO:0009893"
"hubs",FALSE,0.990091549892207,12,20,3,0.15,0.25,"GO:0010557","GO:BP",0.990091549892207,"positive regulation of macromolecule biosynthetic process",42,4193,"GO:0009059,GO:0009891,GO:0010556,GO:0010604"
"hubs",FALSE,0.995378530211304,7,20,1,0.05,0.142857142857143,"GO:0050878","GO:BP",0.995378530211304,"regulation of body fluid levels",42,13151,"GO:0065008"
"hubs",FALSE,1,42,20,20,1,0.476190476190476,"GO:0009987","GO:BP",1,"cellular process",42,3796,"GO:0008150"
"hubs",FALSE,1,42,20,20,1,0.476190476190476,"GO:0008150","GO:BP",1,"biological_process",42,3110,""
