"query","significant","p_value","term_size","query_size","intersection_size","precision","recall","term_id","source","term_name","effective_domain_size","source_order","parents","p_adj"
"set",FALSE,0.155236603246873,6,8,5,0.625,0.833333333333333,"GO:0070848","GO:BP","response to growth factor",42,16112,"GO:0009719",0.155236603246873
"set",FALSE,0.155236603246873,6,8,5,0.625,0.833333333333333,"GO:0007167","GO:BP","enzyme-linked receptor protein signaling pathway",42,2718,"GO:0007166",0.155236603246873
"set",FALSE,0.227621660841508,3,8,3,0.375,1,"GO:0048839","GO:BP","inner ear development",42,12914,"GO:0043583,GO:0048856",0.227621660841508
"set",FALSE,0.227621660841508,3,8,3,0.375,1,"GO:0021983","GO:BP","pituitary gland development",42,6506,"GO:0021536,GO:0035270,GO:0048732",0.227621660841508
"set",FALSE,0.227621660841508,3,8,3,0.375,1,"GO:0021536","GO:BP","diencephalon development",42,6088,"GO:0030900,GO:0048856",0.227621660841508
"set",FALSE,0.227621660841508,3,8,3,0.375,1,"GO:0043583","GO:BP","ear development",42,10690,"GO:0007423",0.227621660841508
"set",FALSE,0.227621660841508,3,8,3,0.375,1,"GO:0044344","GO:BP","cellular response to fibroblast growth factor stimulus",42,10865,"GO:0071363,GO:0071774",0.227621660841508
"set",FALSE,0.227621660841508,3,8,3,0.375,1,"GO:0045664","GO:BP","regulation of neuron differentiation",42,11353,"GO:0030182,GO:0045595",0.227621660841508
"set",FALSE,0.227621660841508,5,8,4,0.5,0.8,"GO:0071363","GO:BP","cellular response to growth factor stimulus",42,16385,"GO:0070848,GO:0071495",0.227621660841508
"set",FALSE,0.227621660841508,9,8,5,0.625,0.555555555555556,"GO:0141124","GO:BP","intracellular signaling cassette",42,19772,"GO:0035556",0.227621660841508
"set",FALSE,0.227621660841508,5,8,4,0.5,0.8,"GO:0007169","GO:BP","cell surface receptor protein tyrosine kinase signaling pathway",42,2720,"GO:0007167",0.227621660841508
"set",FALSE,0.227621660841508,9,8,5,0.625,0.555555555555556,"GO:0007417","GO:BP","central nervous system development",42,2898,"GO:0007399,GO:0048731",0.227621660841508
"set",FALSE,0.227621660841508,9,8,5,0.625,0.555555555555556,"GO:2000026","GO:BP","regulation of multicellular organismal development",42,24952,"GO:0007275,GO:0050793,GO:0051239",0.227621660841508
"set",FALSE,0.227621660841508,3,8,3,0.375,1,"GO:0045995","GO:BP","regulation of embryonic development",42,11625,"GO:0009790,GO:2000026",0.227621660841508
"set",FALSE,0.227621660841508,7,8,5,0.625,0.714285714285714,"GO:0030900","GO:BP","forebrain development",42,6919,"GO:0007420,GO:0048856",0.227621660841508
"set",FALSE,0.227621660841508,8,8,5,0.625,0.625,"GO:0060322","GO:BP","head development",42,14325,"GO:0048856",0.227621660841508
"set",FALSE,0.227621660841508,3,8,3,0.375,1,"GO:0008543","GO:BP","fibroblast growth factor receptor signaling pathway",42,3177,"GO:0007169,GO:0044344",0.227621660841508
"set",FALSE,0.227621660841508,8,8,5,0.625,0.625,"GO:0000165","GO:BP","MAPK cascade",42,55,"GO:0141124",0.227621660841508
"set",FALSE,0.227621660841508,9,8,5,0.625,0.555555555555556,"GO:0048732","GO:BP","gland development",42,12822,"GO:0048513",0.227621660841508
"set",FALSE,0.227621660841508,9,8,5,0.625,0.555555555555556,"GO:0051094","GO:BP","positive regulation of developmental process",42,13316,"GO:0032502,GO:0048518,GO:0050793",0.227621660841508
"set",FALSE,0.227621660841508,9,8,5,0.625,0.555555555555556,"GO:0009790","GO:BP","embryo development",42,3662,"GO:0007275",0.227621660841508
"set",FALSE,0.227621660841508,16,8,7,0.875,0.4375,"GO:0050793","GO:BP","regulation of developmental process",42,13089,"GO:0032502,GO:0050789",0.227621660841508
"set",FALSE,0.227621660841508,8,8,5,0.625,0.625,"GO:0007420","GO:BP","brain development",42,2901,"GO:0007417,GO:0048513,GO:0060322",0.227621660841508
"set",FALSE,0.244866368293839,6,8,4,0.5,0.666666666666667,"GO:0043410","GO:BP","positive regulation of MAPK cascade",42,10581,"GO:0000165,GO:0043408,GO:1902533",0.244866368293839
"set",FALSE,0.244866368293839,14,8,6,0.75,0.428571428571429,"GO:0006139","GO:BP","nucleobase-containing compound metabolic process",42,1979,"GO:0044238",0.244866368293839
"set",FALSE,0.244866368293839,14,8,6,0.75,0.428571428571429,"GO:0019219","GO:BP","regulation of nucleobase-containing compound metabolic process",42,5566,"GO:0006139,GO:0080090",0.244866368293839
"set",FALSE,0.244866368293839,14,8,6,0.75,0.428571428571429,"GO:0006351","GO:BP","DNA-templated transcription",42,2120,"GO:0010467,GO:0032774",0.244866368293839
"set",FALSE,0.244866368293839,14,8,6,0.75,0.428571428571429,"GO:0006355","GO:BP","regulation of DNA-templated transcription",42,2124,"GO:0006351,GO:0010468,GO:2001141",0.244866368293839
"set",FALSE,0.244866368293839,6,8,4,0.5,0.666666666666667,"GO:0048589","GO:BP","developmental growth",42,12693,"GO:0032502,GO:0040007",0.244866368293839
"set",FALSE,0.244866368293839,14,8,6,0.75,0.428571428571429,"GO:0051252","GO:BP","regulation of RNA metabolic process",42,13417,"GO:0016070,GO:0019219,GO:0060255",0.244866368293839
"set",FALSE,0.244866368293839,14,8,6,0.75,0.428571428571429,"GO:0090304","GO:BP","nucleic acid metabolic process",42,17951,"GO:0006139,GO:0043170",0.244866368293839
"set",FALSE,0.244866368293839,14,8,6,0.75,0.428571428571429,"GO:0141187","GO:BP","nucleic acid biosynthetic process",42,19814,"GO:0009059,GO:0034654,GO:0090304",0.244866368293839
"set",FALSE,0.244866368293839,14,8,6,0.75,0.428571428571429,"GO:0016070","GO:BP","RNA metabolic process",42,5072,"GO:0090304",0.244866368293839
"set",FALSE,0.244866368293839,14,8,6,0.75,0.428571428571429,"GO:0032774","GO:BP","RNA biosynthetic process",42,7758,"GO:0016070,GO:0141187",0.244866368293839
"set",FALSE,0.244866368293839,14,8,6,0.75,0.428571428571429,"GO:2001141","GO:BP","regulation of RNA biosynthetic process",42,25908,"GO:0010556,GO:0032774,GO:0051252",0.244866368293839
"set",FALSE,0.244866368293839,14,8,6,0.75,0.428571428571429,"GO:0034654","GO:BP","nucleobase-containing compound biosynthetic process",42,8645,"GO:0006139,GO:0009058",0.244866368293839
"set",FALSE,0.262132783626035,10,8,5,0.625,0.5,"GO:0045935","GO:BP","positive regulation of nucleobase-containing compound metabolic process",42,11567,"GO:0006139,GO:0009893,GO:0019219",0.262132783626035
"set",FALSE,0.29957356076759,1,8,1,0.125,1,"GO:0032881","GO:BP","regulation of polysaccharide metabolic process",42,7821,"GO:0005976,GO:0006109,GO:0060255",0.29957356076759
"set",FALSE,0.29957356076759,1,8,1,0.125,1,"GO:0046209","GO:BP","nitric oxide metabolic process",42,11812,"GO:2001057",0.29957356076759
"set",FALSE,0.29957356076759,1,8,1,0.125,1,"GO:0046324","GO:BP","regulation of D-glucose import",42,11894,"GO:0010827,GO:0046323",0.29957356076759
"set",FALSE,0.29957356076759,1,8,1,0.125,1,"GO:0046326","GO:BP","positive regulation of D-glucose import",42,11896,"GO:0010828,GO:0046323,GO:0046324",0.29957356076759
"set",FALSE,0.29957356076759,1,8,1,0.125,1,"GO:0046434","GO:BP","organophosphate catabolic process",42,11977,"GO:0009056,GO:0019637",0.29957356076759
"set",FALSE,0.29957356076759,1,8,1,0.125,1,"GO:0046545","GO:BP","development of primary female sexual characteristics",42,12065,"GO:0045137,GO:0046660",0.29957356076759
"set",FALSE,0.29957356076759,1,8,1,0.125,1,"GO:0046546","GO:BP","development of primary male sexual characteristics",42,12066,"GO:0045137,GO:0046661",0.29957356076759
"set",FALSE,0.29957356076759,1,8,1,0.125,1,"GO:0046620","GO:BP","regulation of organ growth",42,12095,"GO:0035265,GO:0048638,GO:0051239",0.29957356076759
"set",FALSE,0.29957356076759,1,8,1,0.125,1,"GO:0046622","GO:BP","positive regulation of organ growth",42,12097,"GO:0035265,GO:0046620,GO:0048639,GO:0051240",0.29957356076759
"set",FALSE,0.29957356076759,1,8,1,0.125,1,"GO:0046660","GO:BP","female sex differentiation",42,12128,"GO:0007275,GO:0007548",0.29957356076759
"set",FALSE,0.29957356076759,1,8,1,0.125,1,"GO:0046661","GO:BP","male sex differentiation",42,12129,"GO:0007275,GO:0007548",0.29957356076759
"set",FALSE,0.29957356076759,1,8,1,0.125,1,"GO:0046686","GO:BP","response to cadmium ion",42,12152,"GO:0010038",0.29957356076759
"set",FALSE,0.29957356076759,1,8,1,0.125,1,"GO:0046189","GO:BP","phenol-containing compound biosynthetic process",42,11796,"GO:0009058,GO:0018958",0.29957356076759
"set",FALSE,0.29957356076759,1,8,1,0.125,1,"GO:0046032","GO:BP","ADP catabolic process",42,11647,"GO:0009154,GO:0009181,GO:0046031",0.29957356076759
"set",FALSE,0.29957356076759,4,8,2,0.25,0.5,"GO:0040017","GO:BP","positive regulation of locomotion",42,9814,"GO:0040011,GO:0040012,GO:0048518",0.29957356076759
"set",FALSE,0.29957356076759,2,8,2,0.25,1,"GO:0046777","GO:BP","protein autophosphorylation",42,12198,"GO:0006468",0.29957356076759
"set",FALSE,0.29957356076759,1,8,1,0.125,1,"GO:0045821","GO:BP","positive regulation of glycolytic process",42,11479,"GO:0006096,GO:0006110,GO:0033123,GO:0045913,GO:1903580",0.29957356076759
"set",FALSE,0.29957356076759,1,8,1,0.125,1,"GO:0045840","GO:BP","positive regulation of mitotic nuclear division",42,11494,"GO:0007088,GO:0051785,GO:0090068,GO:0140014",0.29957356076759
"set",FALSE,0.29957356076759,2,8,2,0.25,1,"GO:0045859","GO:BP","regulation of protein kinase activity",42,11509,"GO:0001932,GO:0043549",0.29957356076759
"set",FALSE,0.29957356076759,2,8,2,0.25,1,"GO:0045860","GO:BP","positive regulation of protein kinase activity",42,11510,"GO:0001934,GO:0033674,GO:0045859",0.29957356076759
"set",FALSE,0.29957356076759,9,8,4,0.5,0.444444444444444,"GO:0045892","GO:BP","negative regulation of DNA-templated transcription",42,11528,"GO:0006351,GO:0006355,GO:1902679",0.29957356076759
"set",FALSE,0.29957356076759,9,8,4,0.5,0.444444444444444,"GO:0045893","GO:BP","positive regulation of DNA-templated transcription",42,11529,"GO:0006351,GO:0006355,GO:1902680",0.29957356076759
"set",FALSE,0.29957356076759,1,8,1,0.125,1,"GO:0046031","GO:BP","ADP metabolic process",42,11646,"GO:0009150,GO:0009179",0.29957356076759
"set",FALSE,0.29957356076759,1,8,1,0.125,1,"GO:0045913","GO:BP","positive regulation of carbohydrate metabolic process",42,11545,"GO:0005975,GO:0006109,GO:0009893",0.29957356076759
"set",FALSE,0.29957356076759,9,8,4,0.5,0.444444444444444,"GO:0045934","GO:BP","negative regulation of nucleobase-containing compound metabolic process",42,11566,"GO:0006139,GO:0009892,GO:0019219",0.29957356076759
"set",FALSE,0.29957356076759,3,8,2,0.25,0.666666666666667,"GO:0033043","GO:BP","regulation of organelle organization",42,7941,"GO:0006996,GO:0051128",0.29957356076759
"set",FALSE,0.29957356076759,1,8,1,0.125,1,"GO:0032984","GO:BP","protein-containing complex disassembly",42,7907,"GO:0022411,GO:0043933",0.29957356076759
"set",FALSE,0.29957356076759,4,8,2,0.25,0.5,"GO:0045937","GO:BP","positive regulation of phosphate metabolic process",42,11569,"GO:0006796,GO:0010562,GO:0019220",0.29957356076759
"set",FALSE,0.29957356076759,8,8,3,0.375,0.375,"GO:0045944","GO:BP","positive regulation of transcription by RNA polymerase II",42,11575,"GO:0006357,GO:0006366,GO:0045893",0.29957356076759
"set",FALSE,0.29957356076759,1,8,1,0.125,1,"GO:0032885","GO:BP","regulation of polysaccharide biosynthetic process",42,7824,"GO:0000271,GO:0010556,GO:0032881,GO:0043255",0.29957356076759
"set",FALSE,0.29957356076759,1,8,1,0.125,1,"GO:0045931","GO:BP","positive regulation of mitotic cell cycle",42,11563,"GO:0000278,GO:0007346,GO:0045787",0.29957356076759
"set",FALSE,0.29957356076759,1,8,1,0.125,1,"GO:0048015","GO:BP","phosphatidylinositol-mediated signaling",42,12304,"GO:0035556",0.29957356076759
"set",FALSE,0.29957356076759,1,8,1,0.125,1,"GO:0048260","GO:BP","positive regulation of receptor-mediated endocytosis",42,12445,"GO:0006898,GO:0045807,GO:0048259",0.29957356076759
"set",FALSE,0.29957356076759,1,8,1,0.125,1,"GO:0045807","GO:BP","positive regulation of endocytosis",42,11469,"GO:0006897,GO:0030100,GO:0051050,GO:0051130",0.29957356076759
"set",FALSE,0.29957356076759,8,8,4,0.5,0.5,"GO:0048598","GO:BP","embryonic morphogenesis",42,12698,"GO:0009653,GO:0009790",0.29957356076759
"set",FALSE,0.29957356076759,4,8,2,0.25,0.5,"GO:0048608","GO:BP","reproductive structure development",42,12702,"GO:0003006,GO:0048856,GO:0061458",0.29957356076759
"set",FALSE,0.29957356076759,1,8,1,0.125,1,"GO:0032148","GO:BP","activation of protein kinase B activity",42,7333,"GO:0032147",0.29957356076759
"set",FALSE,0.29957356076759,4,8,2,0.25,0.5,"GO:0048638","GO:BP","regulation of developmental growth",42,12729,"GO:0040008,GO:0048589,GO:0050793",0.29957356076759
"set",FALSE,0.29957356076759,3,8,2,0.25,0.666666666666667,"GO:0048639","GO:BP","positive regulation of developmental growth",42,12730,"GO:0045927,GO:0048589,GO:0048638,GO:0051094",0.29957356076759
"set",FALSE,0.29957356076759,1,8,1,0.125,1,"GO:0048645","GO:BP","animal organ formation",42,12736,"GO:0009887,GO:0048646",0.29957356076759
"set",FALSE,0.29957356076759,26,8,7,0.875,0.269230769230769,"GO:0032502","GO:BP","developmental process",42,7558,"GO:0008150",0.29957356076759
"set",FALSE,0.29957356076759,1,8,1,0.125,1,"GO:0032147","GO:BP","activation of protein kinase activity",42,7332,"GO:0045860",0.29957356076759
"set",FALSE,0.29957356076759,1,8,1,0.125,1,"GO:0031623","GO:BP","receptor internalization",42,7200,"GO:0006898",0.29957356076759
"set",FALSE,0.29957356076759,1,8,1,0.125,1,"GO:0048667","GO:BP","cell morphogenesis involved in neuron differentiation",42,12758,"GO:0000902,GO:0048666",0.29957356076759
"set",FALSE,0.29957356076759,7,8,4,0.5,0.571428571428571,"GO:0048699","GO:BP","generation of neurons",42,12789,"GO:0022008",0.29957356076759
"set",FALSE,0.29957356076759,1,8,1,0.125,1,"GO:0048705","GO:BP","skeletal system morphogenesis",42,12795,"GO:0001501,GO:0009887",0.29957356076759
"set",FALSE,0.29957356076759,20,8,6,0.75,0.3,"GO:0048731","GO:BP","system development",42,12821,"GO:0007275,GO:0048856",0.29957356076759
"set",FALSE,0.29957356076759,1,8,1,0.125,1,"GO:0048738","GO:BP","cardiac muscle tissue development",42,12828,"GO:0007507,GO:0014706",0.29957356076759
"set",FALSE,0.29957356076759,8,8,4,0.5,0.5,"GO:0048646","GO:BP","anatomical structure formation involved in morphogenesis",42,12737,"GO:0009653,GO:0032502",0.29957356076759
"set",FALSE,0.29957356076759,1,8,1,0.125,1,"GO:0048259","GO:BP","regulation of receptor-mediated endocytosis",42,12444,"GO:0006898,GO:0030100",0.29957356076759
"set",FALSE,0.29957356076759,11,8,4,0.5,0.363636363636364,"GO:0048584","GO:BP","positive regulation of response to stimulus",42,12688,"GO:0048518,GO:0048583,GO:0050896",0.29957356076759
"set",FALSE,0.29957356076759,4,8,2,0.25,0.5,"GO:0048562","GO:BP","embryonic organ morphogenesis",42,12668,"GO:0009887,GO:0048568,GO:0048598",0.29957356076759
"set",FALSE,0.29957356076759,1,8,1,0.125,1,"GO:0048285","GO:BP","organelle fission",42,12460,"GO:0006996",0.29957356076759
"set",FALSE,0.29957356076759,1,8,1,0.125,1,"GO:0048333","GO:BP","mesodermal cell differentiation",42,12503,"GO:0001707,GO:0030154",0.29957356076759
"set",FALSE,0.29957356076759,1,8,1,0.125,1,"GO:0048368","GO:BP","lateral mesoderm development",42,12536,"GO:0007498,GO:0060485",0.29957356076759
"set",FALSE,0.29957356076759,1,8,1,0.125,1,"GO:0048369","GO:BP","lateral mesoderm morphogenesis",42,12537,"GO:0048332,GO:0048368,GO:0072132",0.29957356076759
"set",FALSE,0.29957356076759,1,8,1,0.125,1,"GO:0048370","GO:BP","lateral mesoderm formation",42,12538,"GO:0001707,GO:0048369",0.29957356076759
"set",FALSE,0.29957356076759,1,8,1,0.125,1,"GO:0048371","GO:BP","lateral mesodermal cell differentiation",42,12539,"GO:0048333,GO:0048370",0.29957356076759
"set",FALSE,0.29957356076759,4,8,2,0.25,0.5,"GO:0048568","GO:BP","embryonic organ development",42,12673,"GO:0009790,GO:0048513",0.29957356076759
"set",FALSE,0.29957356076759,1,8,1,0.125,1,"GO:0048372","GO:BP","lateral mesodermal cell fate commitment",42,12540,"GO:0001710,GO:0048371",0.29957356076759
"set",FALSE,0.29957356076759,1,8,1,0.125,1,"GO:0048377","GO:BP","lateral mesodermal cell fate specification",42,12545,"GO:0007501,GO:0048372",0.29957356076759
"set",FALSE,0.29957356076759,1,8,1,0.125,1,"GO:0048378","GO:BP","regulation of lateral mesodermal cell fate specification",42,12546,"GO:0042661,GO:0048377",0.29957356076759
"set",FALSE,0.29957356076759,1,8,1,0.125,1,"GO:0048469","GO:BP","cell maturation",42,12603,"GO:0048468,GO:0048869,GO:0071695",0.29957356076759
"set",FALSE,0.29957356076759,21,8,7,0.875,0.333333333333333,"GO:0048513","GO:BP","animal organ development",42,12631,"GO:0048856",0.29957356076759
"set",FALSE,0.29957356076759,23,8,6,0.75,0.260869565217391,"GO:0048518","GO:BP","positive regulation of biological process",42,12634,"GO:0008150,GO:0050789",0.29957356076759
"set",FALSE,0.29957356076759,21,8,6,0.75,0.285714285714286,"GO:0048522","GO:BP","positive regulation of cellular process",42,12638,"GO:0009987,GO:0048518,GO:0050794",0.29957356076759
"set",FALSE,0.29957356076759,1,8,1,0.125,1,"GO:0032869","GO:BP","cellular response to insulin stimulus",42,7809,"GO:0032868,GO:0071375",0.29957356076759
"set",FALSE,0.29957356076759,3,8,2,0.25,0.666666666666667,"GO:0045787","GO:BP","positive regulation of cell cycle",42,11457,"GO:0007049,GO:0048522,GO:0051726",0.29957356076759
"set",FALSE,0.29957356076759,1,8,1,0.125,1,"GO:0045778","GO:BP","positive regulation of ossification",42,11450,"GO:0001503,GO:0030278,GO:0051240",0.29957356076759
"set",FALSE,0.29957356076759,1,8,1,0.125,1,"GO:0033121","GO:BP","regulation of purine nucleotide catabolic process",42,7988,"GO:0006195,GO:0030811,GO:1900542",0.29957356076759
"set",FALSE,0.29957356076759,1,8,1,0.125,1,"GO:0035767","GO:BP","endothelial cell chemotaxis",42,9157,"GO:0043542,GO:0060326",0.29957356076759
"set",FALSE,0.29957356076759,1,8,1,0.125,1,"GO:0042491","GO:BP","inner ear auditory receptor cell differentiation",42,10127,"GO:0035315,GO:0060113",0.29957356076759
"set",FALSE,0.29957356076759,1,8,1,0.125,1,"GO:0042659","GO:BP","regulation of cell fate specification",42,10181,"GO:0001708,GO:0010453",0.29957356076759
"set",FALSE,0.29957356076759,1,8,1,0.125,1,"GO:0042661","GO:BP","regulation of mesodermal cell fate specification",42,10183,"GO:0007501,GO:0042659,GO:1905770,GO:2000027",0.29957356076759
"set",FALSE,0.29957356076759,4,8,2,0.25,0.5,"GO:0043085","GO:BP","positive regulation of catalytic activity",42,10423,"GO:0044093,GO:0050790",0.29957356076759
"set",FALSE,0.29957356076759,21,8,6,0.75,0.285714285714286,"GO:0043170","GO:BP","macromolecule metabolic process",42,10470,"GO:0008152",0.29957356076759
"set",FALSE,0.29957356076759,1,8,1,0.125,1,"GO:0042490","GO:BP","mechanoreceptor differentiation",42,10126,"GO:0030182",0.29957356076759
"set",FALSE,0.29957356076759,1,8,1,0.125,1,"GO:0043243","GO:BP","positive regulation of protein-containing complex disassembly",42,10485,"GO:0032984,GO:0043244,GO:0051130",0.29957356076759
"set",FALSE,0.29957356076759,1,8,1,0.125,1,"GO:0043255","GO:BP","regulation of carbohydrate biosynthetic process",42,10493,"GO:0006109,GO:0009889,GO:0016051",0.29957356076759
"set",FALSE,0.29957356076759,2,8,2,0.25,1,"GO:0043405","GO:BP","regulation of MAP kinase activity",42,10576,"GO:0071900",0.29957356076759
"set",FALSE,0.29957356076759,2,8,2,0.25,1,"GO:0043406","GO:BP","positive regulation of MAP kinase activity",42,10577,"GO:0043405,GO:0043410,GO:0071902",0.29957356076759
"set",FALSE,0.29957356076759,1,8,1,0.125,1,"GO:0035607","GO:BP","fibroblast growth factor receptor signaling pathway involved in orbitofrontal cortex development",42,9046,"GO:0008543,GO:0021769",0.29957356076759
"set",FALSE,0.29957356076759,7,8,4,0.5,0.571428571428571,"GO:0043408","GO:BP","regulation of MAPK cascade",42,10579,"GO:0000165,GO:1902531",0.29957356076759
"set",FALSE,0.29957356076759,14,8,5,0.625,0.357142857142857,"GO:0035556","GO:BP","intracellular signal transduction",42,9022,"GO:0007165",0.29957356076759
"set",FALSE,0.29957356076759,1,8,1,0.125,1,"GO:0043244","GO:BP","regulation of protein-containing complex disassembly",42,10486,"GO:0032984,GO:0051128",0.29957356076759
"set",FALSE,0.29957356076759,1,8,1,0.125,1,"GO:0035315","GO:BP","hair cell differentiation",42,8899,"GO:0009913,GO:0030182",0.29957356076759
"set",FALSE,0.29957356076759,1,8,1,0.125,1,"GO:2001236","GO:BP","regulation of extrinsic apoptotic signaling pathway",42,25971,"GO:0097191,GO:2001233",0.29957356076759
"set",FALSE,0.29957356076759,1,8,1,0.125,1,"GO:0042473","GO:BP","outer ear morphogenesis",42,10113,"GO:0042471,GO:0048598",0.29957356076759
"set",FALSE,0.29957356076759,1,8,1,0.125,1,"GO:0040019","GO:BP","positive regulation of embryonic development",42,9816,"GO:0009790,GO:0045995,GO:0051094,GO:0051240",0.29957356076759
"set",FALSE,0.29957356076759,1,8,1,0.125,1,"GO:0040036","GO:BP","regulation of fibroblast growth factor receptor signaling pathway",42,9830,"GO:0008543,GO:0009966,GO:0090287",0.29957356076759
"set",FALSE,0.29957356076759,1,8,1,0.125,1,"GO:0042246","GO:BP","tissue regeneration",42,9960,"GO:0031099,GO:0048589",0.29957356076759
"set",FALSE,0.29957356076759,3,8,2,0.25,0.666666666666667,"GO:0042325","GO:BP","regulation of phosphorylation",42,10000,"GO:0016310,GO:0019220",0.29957356076759
"set",FALSE,0.29957356076759,3,8,2,0.25,0.666666666666667,"GO:0042327","GO:BP","positive regulation of phosphorylation",42,10002,"GO:0016310,GO:0042325,GO:0045937",0.29957356076759
"set",FALSE,0.29957356076759,1,8,1,0.125,1,"GO:0042359","GO:BP","vitamin D metabolic process",42,10025,"GO:0006775,GO:0008202",0.29957356076759
"set",FALSE,0.29957356076759,1,8,1,0.125,1,"GO:0042474","GO:BP","middle ear morphogenesis",42,10114,"GO:0042471,GO:0048598",0.29957356076759
"set",FALSE,0.29957356076759,1,8,1,0.125,1,"GO:0042401","GO:BP","biogenic amine biosynthetic process",42,10055,"GO:0006576,GO:0009309",0.29957356076759
"set",FALSE,0.29957356076759,1,8,1,0.125,1,"GO:0042421","GO:BP","norepinephrine biosynthetic process",42,10069,"GO:0042415,GO:0042423",0.29957356076759
"set",FALSE,0.29957356076759,1,8,1,0.125,1,"GO:0038034","GO:BP","signal transduction in absence of ligand",42,9587,"GO:0007165",0.29957356076759
"set",FALSE,0.29957356076759,1,8,1,0.125,1,"GO:0035898","GO:BP","parathyroid hormone secretion",42,9244,"GO:0060986",0.29957356076759
"set",FALSE,0.29957356076759,1,8,1,0.125,1,"GO:0042423","GO:BP","catecholamine biosynthetic process",42,10071,"GO:0006584,GO:0009713,GO:0042401",0.29957356076759
"set",FALSE,0.29957356076759,2,8,2,0.25,1,"GO:0042471","GO:BP","ear morphogenesis",42,10111,"GO:0043583,GO:0048562,GO:0090596",0.29957356076759
"set",FALSE,0.29957356076759,2,8,2,0.25,1,"GO:0042472","GO:BP","inner ear morphogenesis",42,10112,"GO:0042471,GO:0048598,GO:0048839",0.29957356076759
"set",FALSE,0.29957356076759,1,8,1,0.125,1,"GO:0042415","GO:BP","norepinephrine metabolic process",42,10063,"GO:0006584",0.29957356076759
"set",FALSE,0.29957356076759,4,8,2,0.25,0.5,"GO:0043436","GO:BP","oxoacid metabolic process",42,10596,"GO:0006082",0.29957356076759
"set",FALSE,0.29957356076759,1,8,1,0.125,1,"GO:0043467","GO:BP","regulation of generation of precursor metabolites and energy",42,10618,"GO:0006091,GO:0019222",0.29957356076759
"set",FALSE,0.29957356076759,1,8,1,0.125,1,"GO:0043470","GO:BP","regulation of carbohydrate catabolic process",42,10621,"GO:0006109,GO:0009894,GO:0016052",0.29957356076759
"set",FALSE,0.29957356076759,2,8,2,0.25,1,"GO:0045137","GO:BP","development of primary sexual characteristics",42,11140,"GO:0003006,GO:0007275,GO:0007548",0.29957356076759
"set",FALSE,0.29957356076759,1,8,1,0.125,1,"GO:0045428","GO:BP","regulation of nitric oxide biosynthetic process",42,11210,"GO:0006809,GO:0009889,GO:0080164",0.29957356076759
"set",FALSE,0.29957356076759,1,8,1,0.125,1,"GO:0045429","GO:BP","positive regulation of nitric oxide biosynthetic process",42,11211,"GO:0006809,GO:0009891,GO:0045428,GO:1904407",0.29957356076759
"set",FALSE,0.29957356076759,8,8,3,0.375,0.375,"GO:0045595","GO:BP","regulation of cell differentiation",42,11284,"GO:0030154,GO:0050793,GO:0050794",0.29957356076759
"set",FALSE,0.29957356076759,2,8,2,0.25,1,"GO:0033674","GO:BP","positive regulation of kinase activity",42,8285,"GO:0042327,GO:0043549,GO:0051347",0.29957356076759
"set",FALSE,0.29957356076759,2,8,2,0.25,1,"GO:0045665","GO:BP","negative regulation of neuron differentiation",42,11354,"GO:0030182,GO:0045596,GO:0045664",0.29957356076759
"set",FALSE,0.29957356076759,1,8,1,0.125,1,"GO:0044786","GO:BP","cell cycle DNA replication",42,11011,"GO:0006261,GO:0022402",0.29957356076759
"set",FALSE,0.29957356076759,1,8,1,0.125,1,"GO:0033262","GO:BP","regulation of nuclear cell cycle DNA replication",42,8046,"GO:0010564,GO:0033260,GO:0090329",0.29957356076759
"set",FALSE,0.29957356076759,1,8,1,0.125,1,"GO:0045725","GO:BP","positive regulation of glycogen biosynthetic process",42,11405,"GO:0005978,GO:0005979,GO:0010557,GO:0070875",0.29957356076759
"set",FALSE,0.29957356076759,1,8,1,0.125,1,"GO:0045730","GO:BP","respiratory burst",42,11410,"GO:0008152",0.29957356076759
"set",FALSE,0.29957356076759,1,8,1,0.125,1,"GO:0045740","GO:BP","positive regulation of DNA replication",42,11418,"GO:0006260,GO:0006275,GO:0051054",0.29957356076759
"set",FALSE,0.29957356076759,1,8,1,0.125,1,"GO:0033260","GO:BP","nuclear DNA replication",42,8045,"GO:0044786",0.29957356076759
"set",FALSE,0.29957356076759,1,8,1,0.125,1,"GO:0045776","GO:BP","negative regulation of blood pressure",42,11448,"GO:0008217",0.29957356076759
"set",FALSE,0.29957356076759,1,8,1,0.125,1,"GO:0033123","GO:BP","positive regulation of purine nucleotide catabolic process",42,7990,"GO:0006195,GO:0030813,GO:0033121,GO:1900544",0.29957356076759
"set",FALSE,0.29957356076759,1,8,1,0.125,1,"GO:0045666","GO:BP","positive regulation of neuron differentiation",42,11355,"GO:0030182,GO:0045597,GO:0045664",0.29957356076759
"set",FALSE,0.29957356076759,1,8,1,0.125,1,"GO:0048812","GO:BP","neuron projection morphogenesis",42,12891,"GO:0031175,GO:0120039",0.29957356076759
"set",FALSE,0.29957356076759,1,8,1,0.125,1,"GO:0034505","GO:BP","tooth mineralization",42,8607,"GO:0031214,GO:0042476",0.29957356076759
"set",FALSE,0.29957356076759,23,8,7,0.875,0.304347826086957,"GO:0044238","GO:BP","primary metabolic process",42,10839,"GO:0008152",0.29957356076759
"set",FALSE,0.29957356076759,4,8,2,0.25,0.5,"GO:0043491","GO:BP","phosphatidylinositol 3-kinase/protein kinase B signal transduction",42,10639,"GO:0141124",0.29957356076759
"set",FALSE,0.29957356076759,2,8,2,0.25,1,"GO:0035272","GO:BP","exocrine system development",42,8870,"GO:0048731",0.29957356076759
"set",FALSE,0.29957356076759,1,8,1,0.125,1,"GO:0043534","GO:BP","blood vessel endothelial cell migration",42,10658,"GO:0043542",0.29957356076759
"set",FALSE,0.29957356076759,1,8,1,0.125,1,"GO:0043535","GO:BP","regulation of blood vessel endothelial cell migration",42,10659,"GO:0010594,GO:0043534",0.29957356076759
"set",FALSE,0.29957356076759,1,8,1,0.125,1,"GO:0043536","GO:BP","positive regulation of blood vessel endothelial cell migration",42,10660,"GO:0010595,GO:0043534,GO:0043535",0.29957356076759
"set",FALSE,0.29957356076759,7,8,4,0.5,0.571428571428571,"GO:0035270","GO:BP","endocrine system development",42,8868,"GO:0048731",0.29957356076759
"set",FALSE,0.29957356076759,1,8,1,0.125,1,"GO:0035265","GO:BP","organ growth",42,8864,"GO:0032501,GO:0048589",0.29957356076759
"set",FALSE,0.29957356076759,1,8,1,0.125,1,"GO:0043542","GO:BP","endothelial cell migration",42,10662,"GO:0016477",0.29957356076759
"set",FALSE,0.29957356076759,2,8,2,0.25,1,"GO:0043549","GO:BP","regulation of kinase activity",42,10666,"GO:0042325,GO:0051338",0.29957356076759
"set",FALSE,0.29957356076759,1,8,1,0.125,1,"GO:0034764","GO:BP","positive regulation of transmembrane transport",42,8668,"GO:0034762,GO:0048522,GO:0051050,GO:0055085",0.29957356076759
"set",FALSE,0.29957356076759,1,8,1,0.125,1,"GO:0043584","GO:BP","nose development",42,10691,"GO:0007423,GO:0060541",0.29957356076759
"set",FALSE,0.29957356076759,4,8,2,0.25,0.5,"GO:0043933","GO:BP","protein-containing complex organization",42,10766,"GO:0016043",0.29957356076759
"set",FALSE,0.29957356076759,1,8,1,0.125,1,"GO:0043954","GO:BP","cellular component maintenance",42,10784,"GO:0016043",0.29957356076759
"set",FALSE,0.29957356076759,1,8,1,0.125,1,"GO:0044042","GO:BP","glucan metabolic process",42,10794,"GO:0005976",0.29957356076759
"set",FALSE,0.29957356076759,1,8,1,0.125,1,"GO:0044060","GO:BP","regulation of endocrine process",42,10798,"GO:0044057,GO:0050886",0.29957356076759
"set",FALSE,0.29957356076759,9,8,4,0.5,0.444444444444444,"GO:0040007","GO:BP","growth",42,9804,"GO:0008150",0.29957356076759
"set",FALSE,0.29957356076759,9,8,4,0.5,0.444444444444444,"GO:0000122","GO:BP","negative regulation of transcription by RNA polymerase II",42,48,"GO:0006357,GO:0006366,GO:0045892",0.29957356076759
"set",FALSE,0.29957356076759,33,8,8,1,0.242424242424242,"GO:0050794","GO:BP","regulation of cellular process",42,13090,"GO:0009987,GO:0050789",0.29957356076759
"set",FALSE,0.29957356076759,24,8,7,0.875,0.291666666666667,"GO:0048856","GO:BP","anatomical structure development",42,12931,"GO:0032502",0.29957356076759
"set",FALSE,0.29957356076759,1,8,1,0.125,1,"GO:0097191","GO:BP","extrinsic apoptotic signaling pathway",42,18295,"GO:0007166,GO:0097190",0.29957356076759
"set",FALSE,0.29957356076759,1,8,1,0.125,1,"GO:0097192","GO:BP","extrinsic apoptotic signaling pathway in absence of ligand",42,18296,"GO:0038034,GO:0097191",0.29957356076759
"set",FALSE,0.29957356076759,1,8,1,0.125,1,"GO:0097242","GO:BP","amyloid-beta clearance",42,18316,"GO:0032501",0.29957356076759
"set",FALSE,0.29957356076759,1,8,1,0.125,1,"GO:0097485","GO:BP","neuron projection guidance",42,18430,"GO:0031175,GO:0048812",0.29957356076759
"set",FALSE,0.29957356076759,1,8,1,0.125,1,"GO:0098698","GO:BP","postsynaptic specialization assembly",42,18583,"GO:0070925,GO:0099068,GO:0099084",0.29957356076759
"set",FALSE,0.29957356076759,4,8,2,0.25,0.5,"GO:0098727","GO:BP","maintenance of cell number",42,18607,"GO:0032502",0.29957356076759
"set",FALSE,0.29957356076759,1,8,1,0.125,1,"GO:0099068","GO:BP","postsynapse assembly",42,18778,"GO:0007416,GO:0022607,GO:0099173",0.29957356076759
"set",FALSE,0.29957356076759,1,8,1,0.125,1,"GO:0097150","GO:BP","neuronal stem cell population maintenance",42,18271,"GO:0019827",0.29957356076759
"set",FALSE,0.29957356076759,1,8,1,0.125,1,"GO:0099084","GO:BP","postsynaptic specialization organization",42,18786,"GO:0006996,GO:0099173",0.29957356076759
"set",FALSE,0.29957356076759,1,8,1,0.125,1,"GO:0099151","GO:BP","regulation of postsynaptic density assembly",42,18816,"GO:0097107,GO:0099150,GO:1904889,GO:1905874",0.29957356076759
"set",FALSE,0.29957356076759,2,8,2,0.25,1,"GO:0099173","GO:BP","postsynapse organization",42,18830,"GO:0016043,GO:0050808",0.29957356076759
"set",FALSE,0.29957356076759,1,8,1,0.125,1,"GO:0099175","GO:BP","regulation of postsynapse organization",42,18832,"GO:0050807,GO:0099173",0.29957356076759
"set",FALSE,0.29957356076759,1,8,1,0.125,1,"GO:0101023","GO:BP","vascular endothelial cell proliferation",42,18945,"GO:0001935",0.29957356076759
"set",FALSE,0.29957356076759,1,8,1,0.125,1,"GO:0106027","GO:BP","neuron projection organization",42,18968,"GO:0120036",0.29957356076759
"set",FALSE,0.29957356076759,1,8,1,0.125,1,"GO:0110110","GO:BP","positive regulation of animal organ morphogenesis",42,19161,"GO:0009887,GO:0051094,GO:0051240,GO:2000027",0.29957356076759
"set",FALSE,0.29957356076759,1,8,1,0.125,1,"GO:0120039","GO:BP","plasma membrane bounded cell projection morphogenesis",42,19211,"GO:0048858",0.29957356076759
"set",FALSE,0.29957356076759,1,8,1,0.125,1,"GO:0099150","GO:BP","regulation of postsynaptic specialization assembly",42,18815,"GO:0098698,GO:1902115",0.29957356076759
"set",FALSE,0.29957356076759,1,8,1,0.125,1,"GO:0140014","GO:BP","mitotic nuclear division",42,19372,"GO:0000280,GO:1903047",0.29957356076759
"set",FALSE,0.29957356076759,1,8,1,0.125,1,"GO:0097107","GO:BP","postsynaptic density assembly",42,18260,"GO:0097106,GO:0098698,GO:1904861",0.29957356076759
"set",FALSE,0.29957356076759,1,8,1,0.125,1,"GO:0097062","GO:BP","dendritic spine maintenance",42,18230,"GO:0043954,GO:0097061",0.29957356076759
"set",FALSE,0.29957356076759,1,8,1,0.125,1,"GO:0072091","GO:BP","regulation of stem cell proliferation",42,16890,"GO:0042127,GO:0072089",0.29957356076759
"set",FALSE,0.29957356076759,1,8,1,0.125,1,"GO:0072523","GO:BP","purine-containing compound catabolic process",42,17191,"GO:0009056,GO:0072521",0.29957356076759
"set",FALSE,0.29957356076759,1,8,1,0.125,1,"GO:0072526","GO:BP","pyridine-containing compound catabolic process",42,17194,"GO:0009056,GO:0072524",0.29957356076759
"set",FALSE,0.29957356076759,16,8,6,0.75,0.375,"GO:0080090","GO:BP","regulation of primary metabolic process",42,17565,"GO:0019222,GO:0044238",0.29957356076759
"set",FALSE,0.29957356076759,1,8,1,0.125,1,"GO:0080164","GO:BP","regulation of nitric oxide metabolic process",42,17603,"GO:0019222,GO:0046209",0.29957356076759
"set",FALSE,0.29957356076759,1,8,1,0.125,1,"GO:0090009","GO:BP","primitive streak formation",42,17715,"GO:0001702,GO:0009948,GO:0048646",0.29957356076759
"set",FALSE,0.29957356076759,3,8,2,0.25,0.666666666666667,"GO:0090068","GO:BP","positive regulation of cell cycle process",42,17759,"GO:0010564,GO:0022402,GO:0045787",0.29957356076759
"set",FALSE,0.29957356076759,1,8,1,0.125,1,"GO:0097106","GO:BP","postsynaptic density organization",42,18259,"GO:0099084",0.29957356076759
"set",FALSE,0.29957356076759,2,8,2,0.25,1,"GO:0090080","GO:BP","positive regulation of MAPKKK cascade by fibroblast growth factor receptor signaling pathway",42,17768,"GO:0008543,GO:0043410",0.29957356076759
"set",FALSE,0.29957356076759,1,8,1,0.125,1,"GO:0090270","GO:BP","regulation of fibroblast growth factor production",42,17923,"GO:0001817,GO:0090269",0.29957356076759
"set",FALSE,0.29957356076759,1,8,1,0.125,1,"GO:0090272","GO:BP","negative regulation of fibroblast growth factor production",42,17925,"GO:0001818,GO:0090269,GO:0090270",0.29957356076759
"set",FALSE,0.29957356076759,1,8,1,0.125,1,"GO:0090287","GO:BP","regulation of cellular response to growth factor stimulus",42,17935,"GO:0048583,GO:0071363",0.29957356076759
"set",FALSE,0.29957356076759,1,8,1,0.125,1,"GO:0090329","GO:BP","regulation of DNA-templated DNA replication",42,17973,"GO:0006261,GO:0006275",0.29957356076759
"set",FALSE,0.29957356076759,2,8,2,0.25,1,"GO:0090596","GO:BP","sensory organ morphogenesis",42,18119,"GO:0007423,GO:0009887",0.29957356076759
"set",FALSE,0.29957356076759,1,8,1,0.125,1,"GO:0090649","GO:BP","response to oxygen-glucose deprivation",42,18148,"GO:0031667,GO:0036293",0.29957356076759
"set",FALSE,0.29957356076759,1,8,1,0.125,1,"GO:0097061","GO:BP","dendritic spine organization",42,18229,"GO:0099173,GO:0106027",0.29957356076759
"set",FALSE,0.29957356076759,1,8,1,0.125,1,"GO:0090269","GO:BP","fibroblast growth factor production",42,17922,"GO:0001816",0.29957356076759
"set",FALSE,0.29957356076759,1,8,1,0.125,1,"GO:0072089","GO:BP","stem cell proliferation",42,16888,"GO:0008283",0.29957356076759
"set",FALSE,0.29957356076759,1,8,1,0.125,1,"GO:0150104","GO:BP","transport across blood-brain barrier",42,19878,"GO:0010232",0.29957356076759
"set",FALSE,0.29957356076759,1,8,1,0.125,1,"GO:1901292","GO:BP","nucleoside phosphate catabolic process",42,21092,"GO:0006753,GO:0034655,GO:0046434",0.29957356076759
"set",FALSE,0.29957356076759,1,8,1,0.125,1,"GO:1905874","GO:BP","regulation of postsynaptic density organization",42,24548,"GO:0033043,GO:0097106,GO:0099175",0.29957356076759
"set",FALSE,0.29957356076759,1,8,1,0.125,1,"GO:1905939","GO:BP","regulation of gonad development",42,24596,"GO:0008406,GO:0050793,GO:2000241",0.29957356076759
"set",FALSE,0.29957356076759,1,8,1,0.125,1,"GO:1990535","GO:BP","neuron projection maintenance",42,24762,"GO:0106027",0.29957356076759
"set",FALSE,0.29957356076759,1,8,1,0.125,1,"GO:1990776","GO:BP","response to angiotensin",42,24849,"GO:0043434",0.29957356076759
"set",FALSE,0.29957356076759,1,8,1,0.125,1,"GO:2000105","GO:BP","positive regulation of DNA-templated DNA replication",42,25019,"GO:0006261,GO:0045740,GO:0090329",0.29957356076759
"set",FALSE,0.29957356076759,3,8,2,0.25,0.666666666666667,"GO:2000147","GO:BP","positive regulation of cell motility",42,25056,"GO:0040017,GO:0048522,GO:0048870,GO:2000145",0.29957356076759
"set",FALSE,0.29957356076759,1,8,1,0.125,1,"GO:2000194","GO:BP","regulation of female gonad development",42,25084,"GO:0008585,GO:1905939,GO:2000026",0.29957356076759
"set",FALSE,0.29957356076759,1,8,1,0.125,1,"GO:1905770","GO:BP","regulation of mesodermal cell differentiation",42,24459,"GO:0045595,GO:0048333",0.29957356076759
"set",FALSE,0.29957356076759,1,8,1,0.125,1,"GO:2000241","GO:BP","regulation of reproductive process",42,25130,"GO:0022414,GO:0050789",0.29957356076759
"set",FALSE,0.29957356076759,1,8,1,0.125,1,"GO:2000543","GO:BP","positive regulation of gastrulation",42,25399,"GO:0007369,GO:0010470,GO:0040019",0.29957356076759
"set",FALSE,0.29957356076759,1,8,1,0.125,1,"GO:2000648","GO:BP","positive regulation of stem cell proliferation",42,25483,"GO:0008284,GO:0072089,GO:0072091",0.29957356076759
"set",FALSE,0.29957356076759,1,8,1,0.125,1,"GO:2000828","GO:BP","regulation of parathyroid hormone secretion",42,25630,"GO:0035898,GO:0044060,GO:0046883",0.29957356076759
"set",FALSE,0.29957356076759,1,8,1,0.125,1,"GO:2000830","GO:BP","positive regulation of parathyroid hormone secretion",42,25632,"GO:0035898,GO:0046887,GO:0051240,GO:2000828",0.29957356076759
"set",FALSE,0.29957356076759,1,8,1,0.125,1,"GO:2001026","GO:BP","regulation of endothelial cell chemotaxis",42,25823,"GO:0010594,GO:0035767,GO:0050920",0.29957356076759
"set",FALSE,0.29957356076759,1,8,1,0.125,1,"GO:2001028","GO:BP","positive regulation of endothelial cell chemotaxis",42,25825,"GO:0010595,GO:0035767,GO:0050921,GO:2001026",0.29957356076759
"set",FALSE,0.29957356076759,1,8,1,0.125,1,"GO:2001057","GO:BP","reactive nitrogen species metabolic process",42,25846,"GO:0008152",0.29957356076759
"set",FALSE,0.29957356076759,1,8,1,0.125,1,"GO:2000243","GO:BP","positive regulation of reproductive process",42,25132,"GO:0022414,GO:0048518,GO:2000241",0.29957356076759
"set",FALSE,0.29957356076759,1,8,1,0.125,1,"GO:1901136","GO:BP","carbohydrate derivative catabolic process",42,20970,"GO:0009056,GO:1901135",0.29957356076759
"set",FALSE,0.29957356076759,1,8,1,0.125,1,"GO:1905564","GO:BP","positive regulation of vascular endothelial cell proliferation",42,24316,"GO:0001938,GO:0101023,GO:1905562",0.29957356076759
"set",FALSE,0.29957356076759,1,8,1,0.125,1,"GO:1905330","GO:BP","regulation of morphogenesis of an epithelium",42,24150,"GO:0002009,GO:0022603",0.29957356076759
"set",FALSE,0.29957356076759,1,8,1,0.125,1,"GO:1902074","GO:BP","response to salt",42,21705,"GO:0042221",0.29957356076759
"set",FALSE,0.29957356076759,1,8,1,0.125,1,"GO:1902115","GO:BP","regulation of organelle assembly",42,21740,"GO:0033043,GO:0044087,GO:0070925",0.29957356076759
"set",FALSE,0.29957356076759,11,8,4,0.5,0.363636363636364,"GO:1902531","GO:BP","regulation of intracellular signal transduction",42,22041,"GO:0009966,GO:0035556",0.29957356076759
"set",FALSE,0.29957356076759,8,8,4,0.5,0.5,"GO:1902533","GO:BP","positive regulation of intracellular signal transduction",42,22043,"GO:0009967,GO:0035556,GO:1902531",0.29957356076759
"set",FALSE,0.29957356076759,9,8,4,0.5,0.444444444444444,"GO:1902679","GO:BP","negative regulation of RNA biosynthetic process",42,22129,"GO:0010558,GO:0032774,GO:0051253,GO:2001141",0.29957356076759
"set",FALSE,0.29957356076759,9,8,4,0.5,0.444444444444444,"GO:1902680","GO:BP","positive regulation of RNA biosynthetic process",42,22130,"GO:0010557,GO:0032774,GO:0051254,GO:2001141",0.29957356076759
"set",FALSE,0.29957356076759,1,8,1,0.125,1,"GO:1902969","GO:BP","mitotic DNA replication",42,22343,"GO:0033260,GO:1903047",0.29957356076759
"set",FALSE,0.29957356076759,1,8,1,0.125,1,"GO:1905562","GO:BP","regulation of vascular endothelial cell proliferation",42,24314,"GO:0001936,GO:0101023",0.29957356076759
"set",FALSE,0.29957356076759,4,8,2,0.25,0.5,"GO:1903047","GO:BP","mitotic cell cycle process",42,22408,"GO:0000278,GO:0022402",0.29957356076759
"set",FALSE,0.29957356076759,1,8,1,0.125,1,"GO:1903465","GO:BP","positive regulation of mitotic cell cycle DNA replication",42,22701,"GO:0010571,GO:0045931,GO:1902969,GO:1903463",0.29957356076759
"set",FALSE,0.29957356076759,1,8,1,0.125,1,"GO:1904383","GO:BP","response to sodium phosphate",42,23407,"GO:1902074",0.29957356076759
"set",FALSE,0.29957356076759,1,8,1,0.125,1,"GO:1904407","GO:BP","positive regulation of nitric oxide metabolic process",42,23429,"GO:0009893,GO:0046209,GO:0080164",0.29957356076759
"set",FALSE,0.29957356076759,1,8,1,0.125,1,"GO:1904516","GO:BP","myofibroblast cell apoptotic process",42,23507,"GO:0006915",0.29957356076759
"set",FALSE,0.29957356076759,1,8,1,0.125,1,"GO:1904520","GO:BP","regulation of myofibroblast cell apoptotic process",42,23510,"GO:0042981,GO:1904516",0.29957356076759
"set",FALSE,0.29957356076759,1,8,1,0.125,1,"GO:1904861","GO:BP","excitatory synapse assembly",42,23783,"GO:0007416",0.29957356076759
"set",FALSE,0.29957356076759,1,8,1,0.125,1,"GO:1904889","GO:BP","regulation of excitatory synapse assembly",42,23808,"GO:0051963,GO:1904861",0.29957356076759
"set",FALSE,0.29957356076759,1,8,1,0.125,1,"GO:1903463","GO:BP","regulation of mitotic cell cycle DNA replication",42,22699,"GO:0007346,GO:0033262,GO:1902969",0.29957356076759
"set",FALSE,0.29957356076759,1,8,1,0.125,1,"GO:0048853","GO:BP","forebrain morphogenesis",42,12928,"GO:0009653,GO:0030900,GO:0048854",0.29957356076759
"set",FALSE,0.29957356076759,2,8,2,0.25,1,"GO:0071902","GO:BP","positive regulation of protein serine/threonine kinase activity",42,16742,"GO:0045860,GO:0071900",0.29957356076759
"set",FALSE,0.29957356076759,4,8,3,0.375,0.75,"GO:0071774","GO:BP","response to fibroblast growth factor",42,16672,"GO:0070848",0.29957356076759
"set",FALSE,0.29957356076759,2,8,2,0.25,1,"GO:0051338","GO:BP","regulation of transferase activity",42,13483,"GO:0050790",0.29957356076759
"set",FALSE,0.29957356076759,1,8,1,0.125,1,"GO:0051345","GO:BP","positive regulation of hydrolase activity",42,13487,"GO:0043085,GO:0051336",0.29957356076759
"set",FALSE,0.29957356076759,2,8,2,0.25,1,"GO:0051347","GO:BP","positive regulation of transferase activity",42,13489,"GO:0043085,GO:0051338",0.29957356076759
"set",FALSE,0.29957356076759,1,8,1,0.125,1,"GO:0051445","GO:BP","regulation of meiotic cell cycle",42,13522,"GO:0051321,GO:0051726,GO:2000241",0.29957356076759
"set",FALSE,0.29957356076759,1,8,1,0.125,1,"GO:0051446","GO:BP","positive regulation of meiotic cell cycle",42,13523,"GO:0045787,GO:0051321,GO:0051445,GO:2000243",0.29957356076759
"set",FALSE,0.29957356076759,6,8,3,0.375,0.5,"GO:0051726","GO:BP","regulation of cell cycle",42,13721,"GO:0007049,GO:0050794",0.29957356076759
"set",FALSE,0.29957356076759,1,8,1,0.125,1,"GO:0051783","GO:BP","regulation of nuclear division",42,13739,"GO:0000280,GO:0033043",0.29957356076759
"set",FALSE,0.29957356076759,1,8,1,0.125,1,"GO:0051336","GO:BP","regulation of hydrolase activity",42,13481,"GO:0050790",0.29957356076759
"set",FALSE,0.29957356076759,1,8,1,0.125,1,"GO:0051785","GO:BP","positive regulation of nuclear division",42,13741,"GO:0000280,GO:0010638,GO:0051783",0.29957356076759
"set",FALSE,0.29957356076759,3,8,2,0.25,0.666666666666667,"GO:0051897","GO:BP","positive regulation of phosphatidylinositol 3-kinase/protein kinase B signal transduction",42,13787,"GO:0043491,GO:0051896,GO:1902533",0.29957356076759
"set",FALSE,0.29957356076759,1,8,1,0.125,1,"GO:0051963","GO:BP","regulation of synapse assembly",42,13838,"GO:0007416,GO:0050807,GO:1901888",0.29957356076759
"set",FALSE,0.29957356076759,1,8,1,0.125,1,"GO:0055017","GO:BP","cardiac muscle tissue growth",42,13999,"GO:0048589,GO:0048738,GO:0060419",0.29957356076759
"set",FALSE,0.29957356076759,1,8,1,0.125,1,"GO:0055021","GO:BP","regulation of cardiac muscle tissue growth",42,14003,"GO:0055017,GO:0060420",0.29957356076759
"set",FALSE,0.29957356076759,1,8,1,0.125,1,"GO:0055023","GO:BP","positive regulation of cardiac muscle tissue growth",42,14005,"GO:0055017,GO:0055021,GO:0060421",0.29957356076759
"set",FALSE,0.29957356076759,1,8,1,0.125,1,"GO:0055057","GO:BP","neuroblast division",42,14014,"GO:0007405,GO:0051301",0.29957356076759
"set",FALSE,0.29957356076759,1,8,1,0.125,1,"GO:0060038","GO:BP","cardiac muscle cell proliferation",42,14094,"GO:0014855,GO:0055017",0.29957356076759
"set",FALSE,0.29957356076759,4,8,2,0.25,0.5,"GO:0051896","GO:BP","regulation of phosphatidylinositol 3-kinase/protein kinase B signal transduction",42,13786,"GO:0043491,GO:1902531",0.29957356076759
"set",FALSE,0.29957356076759,1,8,1,0.125,1,"GO:0060043","GO:BP","regulation of cardiac muscle cell proliferation",42,14099,"GO:0042127,GO:0055021,GO:0060038",0.29957356076759
"set",FALSE,0.29957356076759,1,8,1,0.125,1,"GO:0051321","GO:BP","meiotic cell cycle",42,13466,"GO:0007049,GO:0019953,GO:0022414",0.29957356076759
"set",FALSE,0.29957356076759,9,8,4,0.5,0.444444444444444,"GO:0051254","GO:BP","positive regulation of RNA metabolic process",42,13419,"GO:0010604,GO:0016070,GO:0045935,GO:0051252",0.29957356076759
"set",FALSE,0.29957356076759,1,8,1,0.125,1,"GO:0048858","GO:BP","cell projection morphogenesis",42,12933,"GO:0000902,GO:0009653,GO:0030030",0.29957356076759
"set",FALSE,0.29957356076759,1,8,1,0.125,1,"GO:0048861","GO:BP","leukemia inhibitory factor signaling pathway",42,12936,"GO:0007167",0.29957356076759
"set",FALSE,0.29957356076759,3,8,2,0.25,0.666666666666667,"GO:0048863","GO:BP","stem cell differentiation",42,12937,"GO:0030154",0.29957356076759
"set",FALSE,0.29957356076759,17,8,5,0.625,0.294117647058824,"GO:0048869","GO:BP","cellular developmental process",42,12943,"GO:0009987,GO:0032502",0.29957356076759
"set",FALSE,0.29957356076759,4,8,2,0.25,0.5,"GO:0050678","GO:BP","regulation of epithelial cell proliferation",42,13041,"GO:0042127,GO:0050673",0.29957356076759
"set",FALSE,0.29957356076759,34,8,8,1,0.235294117647059,"GO:0050789","GO:BP","regulation of biological process",42,13086,"GO:0008150,GO:0065007",0.29957356076759
"set",FALSE,0.29957356076759,4,8,2,0.25,0.5,"GO:0050790","GO:BP","regulation of catalytic activity",42,13087,"GO:0065009",0.29957356076759
"set",FALSE,0.29957356076759,1,8,1,0.125,1,"GO:0051301","GO:BP","cell division",42,13450,"GO:0009987",0.29957356076759
"set",FALSE,0.29957356076759,4,8,2,0.25,0.5,"GO:0031401","GO:BP","positive regulation of protein modification process",42,7118,"GO:0031399,GO:0036211,GO:0051247",0.29957356076759
"set",FALSE,0.29957356076759,1,8,1,0.125,1,"GO:0050807","GO:BP","regulation of synapse organization",42,13101,"GO:0050803,GO:0050808,GO:0051128",0.29957356076759
"set",FALSE,0.29957356076759,2,8,2,0.25,1,"GO:0050808","GO:BP","synapse organization",42,13102,"GO:0034330",0.29957356076759
"set",FALSE,0.29957356076759,1,8,1,0.125,1,"GO:0050890","GO:BP","cognition",42,13162,"GO:0050877",0.29957356076759
"set",FALSE,0.29957356076759,4,8,2,0.25,0.5,"GO:0051174","GO:BP","regulation of phosphorus metabolic process",42,13374,"GO:0006793,GO:0019222",0.29957356076759
"set",FALSE,0.29957356076759,16,8,5,0.625,0.3125,"GO:0051239","GO:BP","regulation of multicellular organismal process",42,13407,"GO:0032501,GO:0050789",0.29957356076759
"set",FALSE,0.29957356076759,4,8,2,0.25,0.5,"GO:0051247","GO:BP","positive regulation of protein metabolic process",42,13412,"GO:0010604,GO:0019538,GO:0051246",0.29957356076759
"set",FALSE,0.29957356076759,9,8,4,0.5,0.444444444444444,"GO:0051253","GO:BP","negative regulation of RNA metabolic process",42,13418,"GO:0010605,GO:0016070,GO:0045934,GO:0051252",0.29957356076759
"set",FALSE,0.29957356076759,1,8,1,0.125,1,"GO:0050803","GO:BP","regulation of synapse structure or activity",42,13097,"GO:0065008",0.29957356076759
"set",FALSE,0.29957356076759,2,8,2,0.25,1,"GO:0071900","GO:BP","regulation of protein serine/threonine kinase activity",42,16740,"GO:0045859",0.29957356076759
"set",FALSE,0.29957356076759,1,8,1,0.125,1,"GO:0060045","GO:BP","positive regulation of cardiac muscle cell proliferation",42,14101,"GO:0008284,GO:0055023,GO:0060038,GO:0060043",0.29957356076759
"set",FALSE,0.29957356076759,1,8,1,0.125,1,"GO:0060113","GO:BP","inner ear receptor cell differentiation",42,14152,"GO:0042490,GO:0048839",0.29957356076759
"set",FALSE,0.29957356076759,1,8,1,0.125,1,"GO:0060986","GO:BP","endocrine hormone secretion",42,14897,"GO:0046879,GO:0050886",0.29957356076759
"set",FALSE,0.29957356076759,1,8,1,0.125,1,"GO:0061351","GO:BP","neural precursor cell proliferation",42,15210,"GO:0008283",0.29957356076759
"set",FALSE,0.29957356076759,4,8,2,0.25,0.5,"GO:0061458","GO:BP","reproductive system development",42,15276,"GO:0048731",0.29957356076759
"set",FALSE,0.29957356076759,1,8,1,0.125,1,"GO:0070167","GO:BP","regulation of biomineral tissue development",42,15736,"GO:0031214,GO:2000026",0.29957356076759
"set",FALSE,0.29957356076759,1,8,1,0.125,1,"GO:0070169","GO:BP","positive regulation of biomineral tissue development",42,15738,"GO:0031214,GO:0051094,GO:0070167",0.29957356076759
"set",FALSE,0.29957356076759,1,8,1,0.125,1,"GO:0070640","GO:BP","vitamin D3 metabolic process",42,15999,"GO:0042359,GO:1902652",0.29957356076759
"set",FALSE,0.29957356076759,1,8,1,0.125,1,"GO:0070873","GO:BP","regulation of glycogen metabolic process",42,16121,"GO:0005977,GO:0032881,GO:0043467",0.29957356076759
"set",FALSE,0.29957356076759,4,8,2,0.25,0.5,"GO:0060795","GO:BP","cell fate commitment involved in formation of primary germ layer",42,14746,"GO:0001704,GO:0045165",0.29957356076759
"set",FALSE,0.29957356076759,1,8,1,0.125,1,"GO:0070875","GO:BP","positive regulation of glycogen metabolic process",42,16123,"GO:0005977,GO:0010604,GO:0010907,GO:0070873",0.29957356076759
"set",FALSE,0.29957356076759,1,8,1,0.125,1,"GO:0071344","GO:BP","diphosphate metabolic process",42,16366,"GO:0006793,GO:0043436",0.29957356076759
"set",FALSE,0.29957356076759,9,8,4,0.5,0.444444444444444,"GO:0071495","GO:BP","cellular response to endogenous stimulus",42,16497,"GO:0009719",0.29957356076759
"set",FALSE,0.29957356076759,1,8,1,0.125,1,"GO:0071529","GO:BP","cementum mineralization",42,16519,"GO:0034505",0.29957356076759
"set",FALSE,0.29957356076759,1,8,1,0.125,1,"GO:0071542","GO:BP","dopaminergic neuron differentiation",42,16521,"GO:0030182",0.29957356076759
"set",FALSE,0.29957356076759,1,8,1,0.125,1,"GO:0071599","GO:BP","otic vesicle development",42,16555,"GO:0007423,GO:0035295,GO:0048839,GO:0060429",0.29957356076759
"set",FALSE,0.29957356076759,1,8,1,0.125,1,"GO:0071600","GO:BP","otic vesicle morphogenesis",42,16556,"GO:0042472,GO:0048562,GO:0060562,GO:0071599",0.29957356076759
"set",FALSE,0.29957356076759,1,8,1,0.125,1,"GO:0071695","GO:BP","anatomical structure maturation",42,16632,"GO:0021700,GO:0048856",0.29957356076759
"set",FALSE,0.29957356076759,1,8,1,0.125,1,"GO:0071276","GO:BP","cellular response to cadmium ion",42,16303,"GO:0046686,GO:0071248",0.29957356076759
"set",FALSE,0.29957356076759,4,8,2,0.25,0.5,"GO:0060070","GO:BP","canonical Wnt signaling pathway",42,14125,"GO:0016055",0.29957356076759
"set",FALSE,0.29957356076759,1,8,1,0.125,1,"GO:0060693","GO:BP","regulation of branching involved in salivary gland morphogenesis",42,14655,"GO:0060445,GO:0060688,GO:1905330,GO:2000027",0.29957356076759
"set",FALSE,0.29957356076759,1,8,1,0.125,1,"GO:0060665","GO:BP","regulation of branching involved in salivary gland morphogenesis by mesenchymal-epithelial signaling",42,14627,"GO:0060638,GO:0060693",0.29957356076759
"set",FALSE,0.29957356076759,1,8,1,0.125,1,"GO:0060117","GO:BP","auditory receptor cell development",42,14156,"GO:0042491,GO:0060119",0.29957356076759
"set",FALSE,0.29957356076759,1,8,1,0.125,1,"GO:0060119","GO:BP","inner ear receptor cell development",42,14158,"GO:0048666,GO:0060113",0.29957356076759
"set",FALSE,0.29957356076759,1,8,1,0.125,1,"GO:0060193","GO:BP","positive regulation of lipase activity",42,14217,"GO:0051345",0.29957356076759
"set",FALSE,0.29957356076759,19,8,6,0.75,0.315789473684211,"GO:0060255","GO:BP","regulation of macromolecule metabolic process",42,14264,"GO:0019222,GO:0043170",0.29957356076759
"set",FALSE,0.29957356076759,1,8,1,0.125,1,"GO:0060263","GO:BP","regulation of respiratory burst",42,14272,"GO:0019222,GO:0045730",0.29957356076759
"set",FALSE,0.29957356076759,1,8,1,0.125,1,"GO:0060267","GO:BP","positive regulation of respiratory burst",42,14276,"GO:0009893,GO:0045730,GO:0060263",0.29957356076759
"set",FALSE,0.29957356076759,1,8,1,0.125,1,"GO:0060324","GO:BP","face development",42,14327,"GO:0048856,GO:0060322",0.29957356076759
"set",FALSE,0.29957356076759,1,8,1,0.125,1,"GO:0060688","GO:BP","regulation of morphogenesis of a branching structure",42,14650,"GO:0001763,GO:0022603,GO:0051239",0.29957356076759
"set",FALSE,0.29957356076759,1,8,1,0.125,1,"GO:0060419","GO:BP","heart growth",42,14407,"GO:0007507,GO:0035265",0.29957356076759
"set",FALSE,0.29957356076759,1,8,1,0.125,1,"GO:0060421","GO:BP","positive regulation of heart growth",42,14409,"GO:0046622,GO:0060419,GO:0060420",0.29957356076759
"set",FALSE,0.29957356076759,1,8,1,0.125,1,"GO:0060445","GO:BP","branching involved in salivary gland morphogenesis",42,14432,"GO:0007435,GO:0061138",0.29957356076759
"set",FALSE,0.29957356076759,1,8,1,0.125,1,"GO:0060484","GO:BP","lung-associated mesenchyme development",42,14467,"GO:0030324,GO:0060485",0.29957356076759
"set",FALSE,0.29957356076759,1,8,1,0.125,1,"GO:0060537","GO:BP","muscle tissue development",42,14515,"GO:0009888",0.29957356076759
"set",FALSE,0.29957356076759,3,8,2,0.25,0.666666666666667,"GO:0060541","GO:BP","respiratory system development",42,14519,"GO:0048731",0.29957356076759
"set",FALSE,0.29957356076759,1,8,1,0.125,1,"GO:0060627","GO:BP","regulation of vesicle-mediated transport",42,14590,"GO:0016192,GO:0050794,GO:0051049",0.29957356076759
"set",FALSE,0.29957356076759,1,8,1,0.125,1,"GO:0060638","GO:BP","mesenchymal-epithelial cell signaling",42,14600,"GO:0007267",0.29957356076759
"set",FALSE,0.29957356076759,1,8,1,0.125,1,"GO:0060420","GO:BP","regulation of heart growth",42,14408,"GO:0046620,GO:0060419,GO:2000026",0.29957356076759
"set",FALSE,0.29957356076759,4,8,2,0.25,0.5,"GO:0031399","GO:BP","regulation of protein modification process",42,7116,"GO:0036211,GO:0051246",0.29957356076759
"set",FALSE,0.29957356076759,1,8,1,0.125,1,"GO:0042476","GO:BP","odontogenesis",42,10116,"GO:0009887",0.29957356076759
"set",FALSE,0.29957356076759,1,8,1,0.125,1,"GO:0009181","GO:BP","purine ribonucleoside diphosphate catabolic process",42,3333,"GO:0009137,GO:0009179,GO:0009191",0.29957356076759
"set",FALSE,0.29957356076759,1,8,1,0.125,1,"GO:0031346","GO:BP","positive regulation of cell projection organization",42,7098,"GO:0030030,GO:0031344,GO:0051130",0.29957356076759
"set",FALSE,0.29957356076759,1,8,1,0.125,1,"GO:0009185","GO:BP","ribonucleoside diphosphate metabolic process",42,3337,"GO:0009132",0.29957356076759
"set",FALSE,0.29957356076759,1,8,1,0.125,1,"GO:0009191","GO:BP","ribonucleoside diphosphate catabolic process",42,3343,"GO:0009134,GO:0009185",0.29957356076759
"set",FALSE,0.29957356076759,1,8,1,0.125,1,"GO:0009250","GO:BP","glucan biosynthetic process",42,3401,"GO:0000271,GO:0044042",0.29957356076759
"set",FALSE,0.29957356076759,1,8,1,0.125,1,"GO:0009261","GO:BP","ribonucleotide catabolic process",42,3412,"GO:0009166,GO:0009259,GO:1901136",0.29957356076759
"set",FALSE,0.29957356076759,1,8,1,0.125,1,"GO:0009308","GO:BP","amine metabolic process",42,3440,"GO:0008152",0.29957356076759
"set",FALSE,0.29957356076759,1,8,1,0.125,1,"GO:0009179","GO:BP","purine ribonucleoside diphosphate metabolic process",42,3331,"GO:0009135,GO:0009185",0.29957356076759
"set",FALSE,0.29957356076759,1,8,1,0.125,1,"GO:0009309","GO:BP","amine biosynthetic process",42,3441,"GO:0009058,GO:0009308",0.29957356076759
"set",FALSE,0.29957356076759,1,8,1,0.125,1,"GO:0009712","GO:BP","catechol-containing compound metabolic process",42,3595,"GO:0018958",0.29957356076759
"set",FALSE,0.29957356076759,1,8,1,0.125,1,"GO:0009713","GO:BP","catechol-containing compound biosynthetic process",42,3596,"GO:0009712,GO:0046189",0.29957356076759
"set",FALSE,0.29957356076759,13,8,5,0.625,0.384615384615385,"GO:0009719","GO:BP","response to endogenous stimulus",42,3602,"GO:0050896",0.29957356076759
"set",FALSE,0.29957356076759,1,8,1,0.125,1,"GO:0009798","GO:BP","axis specification",42,3667,"GO:0007389",0.29957356076759
"set",FALSE,0.29957356076759,15,8,5,0.625,0.333333333333333,"GO:0009888","GO:BP","tissue development",42,3733,"GO:0048856",0.29957356076759
"set",FALSE,0.29957356076759,18,8,6,0.75,0.333333333333333,"GO:0009889","GO:BP","regulation of biosynthetic process",42,3734,"GO:0009058,GO:0019222",0.29957356076759
"set",FALSE,0.29957356076759,16,8,5,0.625,0.3125,"GO:0009653","GO:BP","anatomical structure morphogenesis",42,3557,"GO:0032502,GO:0048856",0.29957356076759
"set",FALSE,0.29957356076759,11,8,4,0.5,0.363636363636364,"GO:0009890","GO:BP","negative regulation of biosynthetic process",42,3735,"GO:0009058,GO:0009889,GO:0009892",0.29957356076759
"set",FALSE,0.29957356076759,1,8,1,0.125,1,"GO:0009166","GO:BP","nucleotide catabolic process",42,3318,"GO:0009117,GO:1901292",0.29957356076759
"set",FALSE,0.29957356076759,1,8,1,0.125,1,"GO:0009137","GO:BP","purine nucleoside diphosphate catabolic process",42,3290,"GO:0009134,GO:0009135",0.29957356076759
"set",FALSE,0.29957356076759,1,8,1,0.125,1,"GO:0007613","GO:BP","memory",42,3056,"GO:0007611",0.29957356076759
"set",FALSE,0.29957356076759,27,8,7,0.875,0.259259259259259,"GO:0008152","GO:BP","metabolic process",42,3111,"GO:0009987",0.29957356076759
"set",FALSE,0.29957356076759,1,8,1,0.125,1,"GO:0008286","GO:BP","insulin receptor signaling pathway",42,3139,"GO:0007169,GO:0032869",0.29957356076759
"set",FALSE,0.29957356076759,1,8,1,0.125,1,"GO:0008340","GO:BP","determination of adult lifespan",42,3153,"GO:0032501",0.29957356076759
"set",FALSE,0.29957356076759,2,8,2,0.25,1,"GO:0008406","GO:BP","gonad development",42,3173,"GO:0045137,GO:0048513,GO:0048608",0.29957356076759
"set",FALSE,0.29957356076759,2,8,2,0.25,1,"GO:0008544","GO:BP","epidermis development",42,3178,"GO:0009888",0.29957356076759
"set",FALSE,0.29957356076759,1,8,1,0.125,1,"GO:0009154","GO:BP","purine ribonucleotide catabolic process",42,3307,"GO:0006195,GO:0009150,GO:0009261",0.29957356076759
"set",FALSE,0.29957356076759,1,8,1,0.125,1,"GO:0008584","GO:BP","male gonad development",42,3181,"GO:0008406,GO:0046546",0.29957356076759
"set",FALSE,0.29957356076759,1,8,1,0.125,1,"GO:0008589","GO:BP","regulation of smoothened signaling pathway",42,3185,"GO:0007224,GO:0009966",0.29957356076759
"set",FALSE,0.29957356076759,21,8,7,0.875,0.333333333333333,"GO:0009058","GO:BP","biosynthetic process",42,3220,"GO:0008152",0.29957356076759
"set",FALSE,0.29957356076759,18,8,6,0.75,0.333333333333333,"GO:0009059","GO:BP","macromolecule biosynthetic process",42,3221,"GO:0009058,GO:0043170",0.29957356076759
"set",FALSE,0.29957356076759,1,8,1,0.125,1,"GO:0009132","GO:BP","nucleoside diphosphate metabolic process",42,3285,"GO:0006753",0.29957356076759
"set",FALSE,0.29957356076759,1,8,1,0.125,1,"GO:0009134","GO:BP","nucleoside diphosphate catabolic process",42,3287,"GO:0009132,GO:1901292",0.29957356076759
"set",FALSE,0.29957356076759,1,8,1,0.125,1,"GO:0009135","GO:BP","purine nucleoside diphosphate metabolic process",42,3288,"GO:0009132",0.29957356076759
"set",FALSE,0.29957356076759,1,8,1,0.125,1,"GO:0008585","GO:BP","female gonad development",42,3182,"GO:0008406,GO:0046545",0.29957356076759
"set",FALSE,0.29957356076759,1,8,1,0.125,1,"GO:0007612","GO:BP","learning",42,3055,"GO:0007611",0.29957356076759
"set",FALSE,0.29957356076759,12,8,4,0.5,0.333333333333333,"GO:0009891","GO:BP","positive regulation of biosynthetic process",42,3736,"GO:0009058,GO:0009889,GO:0009893",0.29957356076759
"set",FALSE,0.29957356076759,14,8,5,0.625,0.357142857142857,"GO:0009893","GO:BP","positive regulation of metabolic process",42,3738,"GO:0008152,GO:0019222,GO:0048522",0.29957356076759
"set",FALSE,0.29957356076759,6,8,3,0.375,0.5,"GO:0010564","GO:BP","regulation of cell cycle process",42,4200,"GO:0022402,GO:0051726",0.29957356076759
"set",FALSE,0.29957356076759,1,8,1,0.125,1,"GO:0010571","GO:BP","positive regulation of nuclear cell cycle DNA replication",42,4207,"GO:0033260,GO:0033262,GO:0090068,GO:2000105",0.29957356076759
"set",FALSE,0.29957356076759,1,8,1,0.125,1,"GO:0010594","GO:BP","regulation of endothelial cell migration",42,4225,"GO:0030334,GO:0043542",0.29957356076759
"set",FALSE,0.29957356076759,1,8,1,0.125,1,"GO:0010595","GO:BP","positive regulation of endothelial cell migration",42,4226,"GO:0010594,GO:0030335,GO:0043542",0.29957356076759
"set",FALSE,0.29957356076759,14,8,5,0.625,0.357142857142857,"GO:0010604","GO:BP","positive regulation of macromolecule metabolic process",42,4234,"GO:0009893,GO:0043170,GO:0060255",0.29957356076759
"set",FALSE,0.29957356076759,12,8,4,0.5,0.333333333333333,"GO:0010605","GO:BP","negative regulation of macromolecule metabolic process",42,4235,"GO:0009892,GO:0043170,GO:0060255",0.29957356076759
"set",FALSE,0.29957356076759,4,8,2,0.25,0.5,"GO:0010562","GO:BP","positive regulation of phosphorus metabolic process",42,4198,"GO:0006793,GO:0009893,GO:0051174",0.29957356076759
"set",FALSE,0.29957356076759,1,8,1,0.125,1,"GO:0010638","GO:BP","positive regulation of organelle organization",42,4267,"GO:0006996,GO:0033043,GO:0051130",0.29957356076759
"set",FALSE,0.29957356076759,1,8,1,0.125,1,"GO:0010827","GO:BP","regulation of D-glucose transmembrane transport",42,4420,"GO:0034762,GO:1904659",0.29957356076759
"set",FALSE,0.29957356076759,1,8,1,0.125,1,"GO:0010828","GO:BP","positive regulation of D-glucose transmembrane transport",42,4421,"GO:0010827,GO:0034764,GO:1904659",0.29957356076759
"set",FALSE,0.29957356076759,1,8,1,0.125,1,"GO:0010906","GO:BP","regulation of glucose metabolic process",42,4475,"GO:0006006,GO:0006109,GO:0062012",0.29957356076759
"set",FALSE,0.29957356076759,1,8,1,0.125,1,"GO:0010907","GO:BP","positive regulation of glucose metabolic process",42,4476,"GO:0006006,GO:0010906,GO:0045913,GO:0062013",0.29957356076759
"set",FALSE,0.29957356076759,1,8,1,0.125,1,"GO:0010962","GO:BP","regulation of glucan biosynthetic process",42,4519,"GO:0009250,GO:0032885",0.29957356076759
"set",FALSE,0.29957356076759,1,8,1,0.125,1,"GO:0010966","GO:BP","regulation of phosphate transport",42,4522,"GO:0006817,GO:0051049",0.29957356076759
"set",FALSE,0.29957356076759,9,8,4,0.5,0.444444444444444,"GO:0010647","GO:BP","positive regulation of cell communication",42,4276,"GO:0007154,GO:0010646,GO:0048522",0.29957356076759
"set",FALSE,0.29957356076759,12,8,4,0.5,0.333333333333333,"GO:0009892","GO:BP","negative regulation of metabolic process",42,3737,"GO:0008152,GO:0019222,GO:0048523",0.29957356076759
"set",FALSE,0.29957356076759,11,8,4,0.5,0.363636363636364,"GO:0010558","GO:BP","negative regulation of macromolecule biosynthetic process",42,4194,"GO:0009059,GO:0009890,GO:0010556,GO:0010605",0.29957356076759
"set",FALSE,0.29957356076759,18,8,6,0.75,0.333333333333333,"GO:0010556","GO:BP","regulation of macromolecule biosynthetic process",42,4192,"GO:0009059,GO:0009889,GO:0060255",0.29957356076759
"set",FALSE,0.29957356076759,1,8,1,0.125,1,"GO:0009913","GO:BP","epidermal cell differentiation",42,3754,"GO:0008544,GO:0030855",0.29957356076759
"set",FALSE,0.29957356076759,1,8,1,0.125,1,"GO:0009948","GO:BP","anterior/posterior axis specification",42,3771,"GO:0009798,GO:0009952",0.29957356076759
"set",FALSE,0.29957356076759,17,8,5,0.625,0.294117647058824,"GO:0009966","GO:BP","regulation of signal transduction",42,3789,"GO:0007165,GO:0010646,GO:0023051,GO:0048583",0.29957356076759
"set",FALSE,0.29957356076759,9,8,4,0.5,0.444444444444444,"GO:0009967","GO:BP","positive regulation of signal transduction",42,3790,"GO:0007165,GO:0009966,GO:0010647,GO:0023056,GO:0048584",0.29957356076759
"set",FALSE,0.29957356076759,1,8,1,0.125,1,"GO:0010092","GO:BP","specification of animal organ identity",42,3886,"GO:0003002,GO:0048645",0.29957356076759
"set",FALSE,0.29957356076759,1,8,1,0.125,1,"GO:0010232","GO:BP","vascular transport",42,3996,"GO:0003018,GO:0006810",0.29957356076759
"set",FALSE,0.29957356076759,12,8,4,0.5,0.333333333333333,"GO:0010557","GO:BP","positive regulation of macromolecule biosynthetic process",42,4193,"GO:0009059,GO:0009891,GO:0010556,GO:0010604",0.29957356076759
"set",FALSE,0.29957356076759,1,8,1,0.125,1,"GO:0010453","GO:BP","regulation of cell fate commitment",42,4133,"GO:0045165,GO:0050793,GO:0050794",0.29957356076759
"set",FALSE,0.29957356076759,1,8,1,0.125,1,"GO:0010464","GO:BP","regulation of mesenchymal cell proliferation",42,4142,"GO:0010463,GO:0042127",0.29957356076759
"set",FALSE,0.29957356076759,18,8,6,0.75,0.333333333333333,"GO:0010467","GO:BP","gene expression",42,4144,"GO:0009059",0.29957356076759
"set",FALSE,0.29957356076759,18,8,6,0.75,0.333333333333333,"GO:0010468","GO:BP","regulation of gene expression",42,4145,"GO:0010467,GO:0010556",0.29957356076759
"set",FALSE,0.29957356076759,1,8,1,0.125,1,"GO:0010470","GO:BP","regulation of gastrulation",42,4147,"GO:0007369,GO:0022603,GO:0045995",0.29957356076759
"set",FALSE,0.29957356076759,1,8,1,0.125,1,"GO:0010517","GO:BP","regulation of phospholipase activity",42,4175,"GO:0051336",0.29957356076759
"set",FALSE,0.29957356076759,1,8,1,0.125,1,"GO:0010518","GO:BP","positive regulation of phospholipase activity",42,4176,"GO:0010517,GO:0060193",0.29957356076759
"set",FALSE,0.29957356076759,1,8,1,0.125,1,"GO:0010463","GO:BP","mesenchymal cell proliferation",42,4141,"GO:0008283",0.29957356076759
"set",FALSE,0.29957356076759,1,8,1,0.125,1,"GO:0007611","GO:BP","learning or memory",42,3054,"GO:0007610,GO:0050890",0.29957356076759
"set",FALSE,0.29957356076759,3,8,2,0.25,0.666666666666667,"GO:0007548","GO:BP","sex differentiation",42,3015,"GO:0003006",0.29957356076759
"set",FALSE,0.29957356076759,2,8,2,0.25,1,"GO:0007530","GO:BP","sex determination",42,2998,"GO:0003006",0.29957356076759
"set",FALSE,0.29957356076759,1,8,1,0.125,1,"GO:0003085","GO:BP","negative regulation of systemic arterial blood pressure",42,1527,"GO:0003073,GO:0045776",0.29957356076759
"set",FALSE,0.29957356076759,1,8,1,0.125,1,"GO:0003156","GO:BP","regulation of animal organ formation",42,1584,"GO:0048645,GO:2000027",0.29957356076759
"set",FALSE,0.29957356076759,2,8,2,0.25,1,"GO:0005975","GO:BP","carbohydrate metabolic process",42,1848,"GO:0044238",0.29957356076759
"set",FALSE,0.29957356076759,1,8,1,0.125,1,"GO:0005976","GO:BP","polysaccharide metabolic process",42,1849,"GO:0005975,GO:0043170",0.29957356076759
"set",FALSE,0.29957356076759,1,8,1,0.125,1,"GO:0005977","GO:BP","glycogen metabolic process",42,1850,"GO:0006112,GO:0044042",0.29957356076759
"set",FALSE,0.29957356076759,1,8,1,0.125,1,"GO:0005978","GO:BP","glycogen biosynthetic process",42,1851,"GO:0005977,GO:0009250",0.29957356076759
"set",FALSE,0.29957356076759,8,8,3,0.375,0.375,"GO:0003006","GO:BP","developmental process involved in reproduction",42,1455,"GO:0022414,GO:0032502",0.29957356076759
"set",FALSE,0.29957356076759,1,8,1,0.125,1,"GO:0005979","GO:BP","regulation of glycogen biosynthetic process",42,1852,"GO:0005978,GO:0010962,GO:0070873",0.29957356076759
"set",FALSE,0.29957356076759,1,8,1,0.125,1,"GO:0006006","GO:BP","glucose metabolic process",42,1879,"GO:0019318",0.29957356076759
"set",FALSE,0.29957356076759,4,8,2,0.25,0.5,"GO:0006082","GO:BP","organic acid metabolic process",42,1943,"GO:0044281",0.29957356076759
"set",FALSE,0.29957356076759,1,8,1,0.125,1,"GO:0006090","GO:BP","pyruvate metabolic process",42,1949,"GO:0032787",0.29957356076759
"set",FALSE,0.29957356076759,3,8,2,0.25,0.666666666666667,"GO:0006091","GO:BP","generation of precursor metabolites and energy",42,1950,"GO:0008152",0.29957356076759
"set",FALSE,0.29957356076759,1,8,1,0.125,1,"GO:0006096","GO:BP","glycolytic process",42,1952,"GO:0006090,GO:0006091,GO:0016052,GO:0019364,GO:0046032,GO:0046034,GO:0046496",0.29957356076759
"set",FALSE,0.29957356076759,1,8,1,0.125,1,"GO:0006109","GO:BP","regulation of carbohydrate metabolic process",42,1964,"GO:0005975,GO:0080090",0.29957356076759
"set",FALSE,0.29957356076759,1,8,1,0.125,1,"GO:0005996","GO:BP","monosaccharide metabolic process",42,1869,"GO:0005975,GO:0044281",0.29957356076759
"set",FALSE,0.29957356076759,1,8,1,0.125,1,"GO:0006110","GO:BP","regulation of glycolytic process",42,1965,"GO:0006096,GO:0033121,GO:0043467,GO:0043470,GO:1903578",0.29957356076759
"set",FALSE,0.29957356076759,1,8,1,0.125,1,"GO:0002092","GO:BP","positive regulation of receptor internalization",42,676,"GO:0002090,GO:0031623,GO:0048260",0.29957356076759
"set",FALSE,0.29957356076759,1,8,1,0.125,1,"GO:0002062","GO:BP","chondrocyte differentiation",42,651,"GO:0030154,GO:0051216",0.29957356076759
"set",FALSE,0.29957356076759,1,8,1,0.125,1,"GO:0000271","GO:BP","polysaccharide biosynthetic process",42,74,"GO:0005976,GO:0009059,GO:0016051",0.29957356076759
"set",FALSE,0.29957356076759,4,8,2,0.25,0.5,"GO:0000278","GO:BP","mitotic cell cycle",42,76,"GO:0007049",0.29957356076759
"set",FALSE,0.29957356076759,1,8,1,0.125,1,"GO:0000280","GO:BP","nuclear division",42,78,"GO:0048285",0.29957356076759
"set",FALSE,0.29957356076759,4,8,2,0.25,0.5,"GO:0001503","GO:BP","ossification",42,318,"GO:0032501",0.29957356076759
"set",FALSE,0.29957356076759,1,8,1,0.125,1,"GO:0001702","GO:BP","gastrulation with mouth forming second",42,392,"GO:0007369",0.29957356076759
"set",FALSE,0.29957356076759,3,8,2,0.25,0.666666666666667,"GO:0001708","GO:BP","cell fate specification",42,398,"GO:0045165,GO:0048869",0.29957356076759
"set",FALSE,0.29957356076759,1,8,1,0.125,1,"GO:0002090","GO:BP","regulation of receptor internalization",42,674,"GO:0031623,GO:0048259",0.29957356076759
"set",FALSE,0.29957356076759,1,8,1,0.125,1,"GO:0001710","GO:BP","mesodermal cell fate commitment",42,400,"GO:0048333,GO:0060795",0.29957356076759
"set",FALSE,0.29957356076759,3,8,2,0.25,0.666666666666667,"GO:0001932","GO:BP","regulation of protein phosphorylation",42,544,"GO:0006468,GO:0031399,GO:0042325",0.29957356076759
"set",FALSE,0.29957356076759,3,8,2,0.25,0.666666666666667,"GO:0001934","GO:BP","positive regulation of protein phosphorylation",42,546,"GO:0001932,GO:0006468,GO:0031401,GO:0042327",0.29957356076759
"set",FALSE,0.29957356076759,1,8,1,0.125,1,"GO:0001935","GO:BP","endothelial cell proliferation",42,547,"GO:0050673",0.29957356076759
"set",FALSE,0.29957356076759,1,8,1,0.125,1,"GO:0001936","GO:BP","regulation of endothelial cell proliferation",42,548,"GO:0001935,GO:0050678",0.29957356076759
"set",FALSE,0.29957356076759,1,8,1,0.125,1,"GO:0001938","GO:BP","positive regulation of endothelial cell proliferation",42,550,"GO:0001935,GO:0001936,GO:0050679",0.29957356076759
"set",FALSE,0.29957356076759,1,8,1,0.125,1,"GO:0002053","GO:BP","positive regulation of mesenchymal cell proliferation",42,650,"GO:0008284,GO:0010463,GO:0010464",0.29957356076759
"set",FALSE,0.29957356076759,1,8,1,0.125,1,"GO:0001759","GO:BP","organ induction",42,425,"GO:0003156,GO:0010092,GO:0031128,GO:0110110",0.29957356076759
"set",FALSE,0.29957356076759,2,8,2,0.25,1,"GO:0006112","GO:BP","energy reserve metabolic process",42,1967,"GO:0015980",0.29957356076759
"set",FALSE,0.29957356076759,1,8,1,0.125,1,"GO:0006195","GO:BP","purine nucleotide catabolic process",42,2019,"GO:0006163,GO:0009166,GO:0072523",0.29957356076759
"set",FALSE,0.29957356076759,1,8,1,0.125,1,"GO:0006260","GO:BP","DNA replication",42,2072,"GO:0006259",0.29957356076759
"set",FALSE,0.29957356076759,1,8,1,0.125,1,"GO:0007224","GO:BP","smoothened signaling pathway",42,2764,"GO:0007166",0.29957356076759
"set",FALSE,0.29957356076759,24,8,7,0.875,0.291666666666667,"GO:0007275","GO:BP","multicellular organism development",42,2788,"GO:0032501,GO:0048856",0.29957356076759
"set",FALSE,0.29957356076759,3,8,2,0.25,0.666666666666667,"GO:0007346","GO:BP","regulation of mitotic cell cycle",42,2841,"GO:0000278,GO:0051726",0.29957356076759
"set",FALSE,0.29957356076759,7,8,3,0.375,0.428571428571429,"GO:0007369","GO:BP","gastrulation",42,2857,"GO:0048598",0.29957356076759
"set",FALSE,0.29957356076759,11,8,5,0.625,0.454545454545455,"GO:0007399","GO:BP","nervous system development",42,2884,"GO:0048731",0.29957356076759
"set",FALSE,0.29957356076759,1,8,1,0.125,1,"GO:0007405","GO:BP","neuroblast proliferation",42,2888,"GO:0048699,GO:0061351",0.29957356076759
"set",FALSE,0.29957356076759,1,8,1,0.125,1,"GO:0007218","GO:BP","neuropeptide signaling pathway",42,2759,"GO:0007186",0.29957356076759
"set",FALSE,0.29957356076759,1,8,1,0.125,1,"GO:0007409","GO:BP","axonogenesis",42,2891,"GO:0048667,GO:0048812,GO:0061564",0.29957356076759
"set",FALSE,0.29957356076759,1,8,1,0.125,1,"GO:0007416","GO:BP","synapse assembly",42,2897,"GO:0007399,GO:0034329,GO:0050808",0.29957356076759
"set",FALSE,0.29957356076759,7,8,4,0.5,0.571428571428571,"GO:0007423","GO:BP","sensory organ development",42,2904,"GO:0048513",0.29957356076759
"set",FALSE,0.29957356076759,1,8,1,0.125,1,"GO:0007431","GO:BP","salivary gland development",42,2912,"GO:0035272,GO:0048732",0.29957356076759
"set",FALSE,0.29957356076759,1,8,1,0.125,1,"GO:0007435","GO:BP","salivary gland morphogenesis",42,2916,"GO:0007431,GO:0022612",0.29957356076759
"set",FALSE,0.29957356076759,1,8,1,0.125,1,"GO:0007501","GO:BP","mesodermal cell fate specification",42,2973,"GO:0001708,GO:0001710",0.29957356076759
"set",FALSE,0.29957356076759,4,8,2,0.25,0.5,"GO:0007507","GO:BP","heart development",42,2979,"GO:0048513,GO:0072359",0.29957356076759
"set",FALSE,0.29957356076759,1,8,1,0.125,1,"GO:0007411","GO:BP","axon guidance",42,2892,"GO:0007409,GO:0097485",0.29957356076759
"set",FALSE,0.29957356076759,15,8,6,0.75,0.4,"GO:0007166","GO:BP","cell surface receptor signaling pathway",42,2717,"GO:0007165",0.29957356076759
"set",FALSE,0.29957356076759,26,8,7,0.875,0.269230769230769,"GO:0007165","GO:BP","signal transduction",42,2716,"GO:0007154,GO:0009987,GO:0023052,GO:0050794,GO:0051716",0.29957356076759
"set",FALSE,0.29957356076759,27,8,7,0.875,0.259259259259259,"GO:0007154","GO:BP","cell communication",42,2705,"GO:0009987",0.29957356076759
"set",FALSE,0.29957356076759,1,8,1,0.125,1,"GO:0006261","GO:BP","DNA-templated DNA replication",42,2073,"GO:0006260",0.29957356076759
"set",FALSE,0.29957356076759,1,8,1,0.125,1,"GO:0006275","GO:BP","regulation of DNA replication",42,2083,"GO:0006260,GO:0051052",0.29957356076759
"set",FALSE,0.29957356076759,12,8,5,0.625,0.416666666666667,"GO:0006357","GO:BP","regulation of transcription by RNA polymerase II",42,2126,"GO:0006355,GO:0006366",0.29957356076759
"set",FALSE,0.29957356076759,12,8,5,0.625,0.416666666666667,"GO:0006366","GO:BP","transcription by RNA polymerase II",42,2133,"GO:0006351",0.29957356076759
"set",FALSE,0.29957356076759,4,8,2,0.25,0.5,"GO:0006468","GO:BP","protein phosphorylation",42,2199,"GO:0016310,GO:0036211",0.29957356076759
"set",FALSE,0.29957356076759,1,8,1,0.125,1,"GO:0006576","GO:BP","biogenic amine metabolic process",42,2287,"GO:0009308",0.29957356076759
"set",FALSE,0.29957356076759,1,8,1,0.125,1,"GO:0006584","GO:BP","catecholamine metabolic process",42,2295,"GO:0006576,GO:0009712",0.29957356076759
"set",FALSE,0.29957356076759,1,8,1,0.125,1,"GO:0006766","GO:BP","vitamin metabolic process",42,2447,"GO:0044281",0.29957356076759
"set",FALSE,0.29957356076759,1,8,1,0.125,1,"GO:0006775","GO:BP","fat-soluble vitamin metabolic process",42,2453,"GO:0006766",0.29957356076759
"set",FALSE,0.29957356076759,1,8,1,0.125,1,"GO:0006809","GO:BP","nitric oxide biosynthetic process",42,2481,"GO:0009058,GO:0046209",0.29957356076759
"set",FALSE,0.29957356076759,1,8,1,0.125,1,"GO:0006817","GO:BP","phosphate ion transport",42,2488,"GO:0015698",0.29957356076759
"set",FALSE,0.29957356076759,1,8,1,0.125,1,"GO:0006897","GO:BP","endocytosis",42,2540,"GO:0016192,GO:0098657",0.29957356076759
"set",FALSE,0.29957356076759,1,8,1,0.125,1,"GO:0006898","GO:BP","receptor-mediated endocytosis",42,2541,"GO:0006897",0.29957356076759
"set",FALSE,0.29957356076759,6,8,3,0.375,0.5,"GO:0007049","GO:BP","cell cycle",42,2636,"GO:0009987",0.29957356076759
"set",FALSE,0.29957356076759,1,8,1,0.125,1,"GO:0007088","GO:BP","regulation of mitotic nuclear division",42,2660,"GO:0007346,GO:0010564,GO:0051783,GO:0140014",0.29957356076759
"set",FALSE,0.29957356076759,1,8,1,0.125,1,"GO:0010976","GO:BP","positive regulation of neuron projection development",42,4532,"GO:0010975,GO:0031175,GO:0031346",0.29957356076759
"set",FALSE,0.29957356076759,1,8,1,0.125,1,"GO:0014706","GO:BP","striated muscle tissue development",42,4622,"GO:0060537",0.29957356076759
"set",FALSE,0.29957356076759,1,8,1,0.125,1,"GO:2001239","GO:BP","regulation of extrinsic apoptotic signaling pathway in absence of ligand",42,25974,"GO:0097192,GO:2001236",0.29957356076759
"set",FALSE,0.29957356076759,3,8,2,0.25,0.666666666666667,"GO:0030335","GO:BP","positive regulation of cell migration",42,6744,"GO:0016477,GO:0030334,GO:2000147",0.29957356076759
"set",FALSE,0.29957356076759,2,8,2,0.25,1,"GO:0030901","GO:BP","midbrain development",42,6920,"GO:0007420,GO:0048856",0.29957356076759
"set",FALSE,0.29957356076759,4,8,2,0.25,0.5,"GO:0019827","GO:BP","stem cell population maintenance",42,6014,"GO:0032501,GO:0098727",0.29957356076759
"set",FALSE,0.29957356076759,17,8,5,0.625,0.294117647058824,"GO:0030154","GO:BP","cell differentiation",42,6654,"GO:0048869",0.29957356076759
"set",FALSE,0.29957356076759,1,8,1,0.125,1,"GO:0030878","GO:BP","thyroid gland development",42,6911,"GO:0035270,GO:0048732",0.29957356076759
"set",FALSE,0.29957356076759,7,8,4,0.5,0.571428571428571,"GO:0030182","GO:BP","neuron differentiation",42,6666,"GO:0030154,GO:0048699",0.29957356076759
"set",FALSE,0.29957356076759,1,8,1,0.125,1,"GO:0030238","GO:BP","male sex determination",42,6698,"GO:0007275,GO:0007530",0.29957356076759
"set",FALSE,0.29957356076759,1,8,1,0.125,1,"GO:0021984","GO:BP","adenohypophysis development",42,6507,"GO:0021983,GO:0048856",0.29957356076759
"set",FALSE,0.29957356076759,1,8,1,0.125,1,"GO:0019364","GO:BP","pyridine nucleotide catabolic process",42,5695,"GO:0009166,GO:0019362,GO:0072526",0.29957356076759
"set",FALSE,0.29957356076759,1,8,1,0.125,1,"GO:0030278","GO:BP","regulation of ossification",42,6718,"GO:0001503,GO:0051239",0.29957356076759
"set",FALSE,0.29957356076759,1,8,1,0.125,1,"GO:0030282","GO:BP","bone mineralization",42,6720,"GO:0001503,GO:0031214",0.29957356076759
"set",FALSE,0.29957356076759,1,8,1,0.125,1,"GO:0019318","GO:BP","hexose metabolic process",42,5651,"GO:0005996",0.29957356076759
"set",FALSE,0.29957356076759,20,8,6,0.75,0.3,"GO:0019222","GO:BP","regulation of metabolic process",42,5569,"GO:0008152,GO:0050794",0.29957356076759
"set",FALSE,0.29957356076759,4,8,2,0.25,0.5,"GO:0019220","GO:BP","regulation of phosphate metabolic process",42,5567,"GO:0006796,GO:0051174",0.29957356076759
"set",FALSE,0.29957356076759,1,8,1,0.125,1,"GO:0018958","GO:BP","phenol-containing compound metabolic process",42,5487,"GO:0008152",0.29957356076759
"set",FALSE,0.29957356076759,3,8,2,0.25,0.666666666666667,"GO:0018212","GO:BP","peptidyl-tyrosine modification",42,5346,"GO:0018193",0.29957356076759
"set",FALSE,0.29957356076759,1,8,1,0.125,1,"GO:0021700","GO:BP","developmental maturation",42,6251,"GO:0032502",0.29957356076759
"set",FALSE,0.29957356076759,3,8,2,0.25,0.666666666666667,"GO:0018193","GO:BP","peptidyl-amino acid modification",42,5328,"GO:0036211",0.29957356076759
"set",FALSE,0.29957356076759,1,8,1,0.125,1,"GO:0030100","GO:BP","regulation of endocytosis",42,6645,"GO:0006897,GO:0051128,GO:0060627",0.29957356076759
"set",FALSE,0.29957356076759,1,8,1,0.125,1,"GO:0021769","GO:BP","orbitofrontal cortex development",42,6317,"GO:0021761,GO:0048856",0.29957356076759
"set",FALSE,0.29957356076759,7,8,4,0.5,0.571428571428571,"GO:0022008","GO:BP","neurogenesis",42,6530,"GO:0007399,GO:0030154",0.29957356076759
"set",FALSE,0.29957356076759,6,8,3,0.375,0.5,"GO:0022402","GO:BP","cell cycle process",42,6561,"GO:0007049,GO:0009987",0.29957356076759
"set",FALSE,0.29957356076759,1,8,1,0.125,1,"GO:0021872","GO:BP","forebrain generation of neurons",42,6408,"GO:0030900,GO:0048699",0.29957356076759
"set",FALSE,0.29957356076759,1,8,1,0.125,1,"GO:0021869","GO:BP","forebrain ventricular zone progenitor cell division",42,6405,"GO:0021846,GO:0051301",0.29957356076759
"set",FALSE,0.29957356076759,4,8,2,0.25,0.5,"GO:0022603","GO:BP","regulation of anatomical structure morphogenesis",42,6578,"GO:0009653,GO:0050793",0.29957356076759
"set",FALSE,0.29957356076759,1,8,1,0.125,1,"GO:0031017","GO:BP","exocrine pancreas development",42,6957,"GO:0031016,GO:0035272,GO:0048732,GO:0055123",0.29957356076759
"set",FALSE,0.29957356076759,17,8,5,0.625,0.294117647058824,"GO:0023051","GO:BP","regulation of signaling",42,6606,"GO:0023052,GO:0050789",0.29957356076759
"set",FALSE,0.29957356076759,1,8,1,0.125,1,"GO:0030916","GO:BP","otic vesicle formation",42,6928,"GO:0071600,GO:0072175",0.29957356076759
"set",FALSE,0.29957356076759,27,8,7,0.875,0.259259259259259,"GO:0023052","GO:BP","signaling",42,6607,"GO:0050789",0.29957356076759
"set",FALSE,0.29957356076759,9,8,4,0.5,0.444444444444444,"GO:0023056","GO:BP","positive regulation of signaling",42,6608,"GO:0023051,GO:0023052,GO:0048518",0.29957356076759
"set",FALSE,0.29957356076759,1,8,1,0.125,1,"GO:0031128","GO:BP","developmental induction",42,7015,"GO:0032502",0.29957356076759
"set",FALSE,0.29957356076759,1,8,1,0.125,1,"GO:0021854","GO:BP","hypothalamus development",42,6396,"GO:0021536,GO:0021761,GO:0048856",0.29957356076759
"set",FALSE,0.29957356076759,1,8,1,0.125,1,"GO:0021847","GO:BP","ventricular zone neuroblast division",42,6389,"GO:0021869,GO:0021873",0.29957356076759
"set",FALSE,0.29957356076759,1,8,1,0.125,1,"GO:0021846","GO:BP","cell proliferation in forebrain",42,6388,"GO:0030900,GO:0061351",0.29957356076759
"set",FALSE,0.29957356076759,1,8,1,0.125,1,"GO:0021781","GO:BP","glial cell fate commitment",42,6327,"GO:0010001,GO:0045165",0.29957356076759
"set",FALSE,0.29957356076759,3,8,2,0.25,0.666666666666667,"GO:0021761","GO:BP","limbic system development",42,6309,"GO:0030900,GO:0048731",0.29957356076759
"set",FALSE,0.29957356076759,3,8,2,0.25,0.666666666666667,"GO:0018108","GO:BP","peptidyl-tyrosine phosphorylation",42,5302,"GO:0006468,GO:0018212",0.29957356076759
"set",FALSE,0.29957356076759,1,8,1,0.125,1,"GO:0021873","GO:BP","forebrain neuroblast division",42,6409,"GO:0021872,GO:0055057",0.29957356076759
"set",FALSE,0.29957356076759,1,8,1,0.125,1,"GO:0030811","GO:BP","regulation of nucleotide catabolic process",42,6877,"GO:0006140,GO:0009166,GO:0009894",0.29957356076759
"set",FALSE,0.29957356076759,4,8,2,0.25,0.5,"GO:0016477","GO:BP","cell migration",42,5204,"GO:0048870",0.29957356076759
"set",FALSE,0.29957356076759,1,8,1,0.125,1,"GO:0016051","GO:BP","carbohydrate biosynthetic process",42,5059,"GO:0005975,GO:0009058",0.29957356076759
"set",FALSE,0.29957356076759,4,8,2,0.25,0.5,"GO:0031175","GO:BP","neuron projection development",42,7049,"GO:0048666,GO:0120036",0.29957356076759
"set",FALSE,0.29957356076759,1,8,1,0.125,1,"GO:0030501","GO:BP","positive regulation of bone mineralization",42,6785,"GO:0030282,GO:0030500,GO:0045778,GO:0070169",0.29957356076759
"set",FALSE,0.29957356076759,1,8,1,0.125,1,"GO:0030500","GO:BP","regulation of bone mineralization",42,6784,"GO:0030278,GO:0030282,GO:0070167",0.29957356076759
"set",FALSE,0.29957356076759,4,8,2,0.25,0.5,"GO:0016310","GO:BP","phosphorylation",42,5173,"GO:0006796",0.29957356076759
"set",FALSE,0.29957356076759,1,8,1,0.125,1,"GO:0030813","GO:BP","positive regulation of nucleotide catabolic process",42,6879,"GO:0009166,GO:0009896,GO:0030811,GO:0045981",0.29957356076759
"set",FALSE,0.29957356076759,2,8,2,0.25,1,"GO:0015980","GO:BP","energy derivation by oxidation of organic compounds",42,5036,"GO:0006091",0.29957356076759
"set",FALSE,0.29957356076759,1,8,1,0.125,1,"GO:0030325","GO:BP","adrenal gland development",42,6737,"GO:0035270,GO:0048732",0.29957356076759
"set",FALSE,0.29957356076759,1,8,1,0.125,1,"GO:0016052","GO:BP","carbohydrate catabolic process",42,5060,"GO:0005975,GO:0009056",0.29957356076759
"set",FALSE,0.29957356076759,1,8,1,0.125,1,"GO:0014855","GO:BP","striated muscle cell proliferation",42,4711,"GO:0033002",0.29957356076759
"set",FALSE,0.29957356076759,4,8,2,0.25,0.5,"GO:0030334","GO:BP","regulation of cell migration",42,6743,"GO:0016477,GO:2000145",0.29957356076759
"set",FALSE,0.29957356076759,2,8,2,0.25,1,"GO:0031214","GO:BP","biomineral tissue development",42,7053,"GO:0009888,GO:0048513",0.29957356076759
"set",FALSE,0.309534739996369,18,8,5,0.625,0.277777777777778,"GO:0010646","GO:BP","regulation of cell communication",42,4275,"GO:0007154,GO:0050794",0.309534739996369
"set",FALSE,0.32634311946508,29,8,7,0.875,0.241379310344828,"GO:0051716","GO:BP","cellular response to stimulus",42,13719,"GO:0009987,GO:0050896",0.32634311946508
"set",FALSE,0.342206738795773,9,8,3,0.375,0.333333333333333,"GO:0051240","GO:BP","positive regulation of multicellular organismal process",42,13408,"GO:0032501,GO:0048518,GO:0051239",0.342206738795773
"set",FALSE,0.355139725486324,5,8,2,0.25,0.4,"GO:0003002","GO:BP","regionalization",42,1451,"GO:0007389",0.355139725486324
"set",FALSE,0.355139725486324,5,8,2,0.25,0.4,"GO:0007389","GO:BP","pattern specification process",42,2875,"GO:0007275,GO:0032501",0.355139725486324
"set",FALSE,0.355139725486324,5,8,2,0.25,0.4,"GO:0045165","GO:BP","cell fate commitment",42,11153,"GO:0030154,GO:0048869",0.355139725486324
"set",FALSE,0.355139725486324,5,8,2,0.25,0.4,"GO:0001704","GO:BP","formation of primary germ layer",42,394,"GO:0007369,GO:0048646",0.355139725486324
"set",FALSE,0.355139725486324,5,8,2,0.25,0.4,"GO:0043412","GO:BP","macromolecule modification",42,10582,"GO:0043170",0.355139725486324
"set",FALSE,0.355139725486324,5,8,2,0.25,0.4,"GO:0048666","GO:BP","neuron development",42,12757,"GO:0030182,GO:0048468",0.355139725486324
"set",FALSE,0.355139725486324,5,8,2,0.25,0.4,"GO:0036211","GO:BP","protein modification process",42,9413,"GO:0019538,GO:0043412",0.355139725486324
"set",FALSE,0.355139725486324,5,8,2,0.25,0.4,"GO:0048880","GO:BP","sensory system development",42,12951,"GO:0048731",0.355139725486324
"set",FALSE,0.355139725486324,5,8,2,0.25,0.4,"GO:0045596","GO:BP","negative regulation of cell differentiation",42,11285,"GO:0030154,GO:0045595,GO:0048523,GO:0051093",0.355139725486324
"set",FALSE,0.355139725486324,5,8,2,0.25,0.4,"GO:0045927","GO:BP","positive regulation of growth",42,11559,"GO:0040007,GO:0040008,GO:0048518",0.355139725486324
"set",FALSE,0.355139725486324,5,8,2,0.25,0.4,"GO:0006796","GO:BP","phosphate-containing compound metabolic process",42,2474,"GO:0006793",0.355139725486324
"set",FALSE,0.355139725486324,5,8,2,0.25,0.4,"GO:0043434","GO:BP","response to peptide hormone",42,10594,"GO:0009725,GO:1901698,GO:1901700",0.355139725486324
"set",FALSE,0.355139725486324,5,8,2,0.25,0.4,"GO:0045597","GO:BP","positive regulation of cell differentiation",42,11286,"GO:0030154,GO:0045595,GO:0048522,GO:0051094",0.355139725486324
"set",FALSE,0.355139725486324,5,8,2,0.25,0.4,"GO:2000145","GO:BP","regulation of cell motility",42,25054,"GO:0040012,GO:0048870,GO:0050794",0.355139725486324
"set",FALSE,0.355139725486324,5,8,2,0.25,0.4,"GO:0006793","GO:BP","phosphorus metabolic process",42,2471,"GO:0008152",0.355139725486324
"set",FALSE,0.355139725486324,5,8,2,0.25,0.4,"GO:0055074","GO:BP","calcium ion homeostasis",42,14023,"GO:0055080,GO:0098771",0.355139725486324
"set",FALSE,0.355139725486324,5,8,2,0.25,0.4,"GO:0044093","GO:BP","positive regulation of molecular function",42,10818,"GO:0065009",0.355139725486324
"set",FALSE,0.355139725486324,5,8,2,0.25,0.4,"GO:0051130","GO:BP","positive regulation of cellular component organization",42,13334,"GO:0016043,GO:0048522,GO:0051128",0.355139725486324
"set",FALSE,0.355139725486324,5,8,2,0.25,0.4,"GO:0001654","GO:BP","eye development",42,366,"GO:0007423,GO:0150063",0.355139725486324
"set",FALSE,0.355139725486324,5,8,2,0.25,0.4,"GO:0072359","GO:BP","circulatory system development",42,17136,"GO:0048731",0.355139725486324
"set",FALSE,0.355139725486324,5,8,2,0.25,0.4,"GO:0051246","GO:BP","regulation of protein metabolic process",42,13411,"GO:0019538,GO:0060255,GO:0080090",0.355139725486324
"set",FALSE,0.355139725486324,5,8,2,0.25,0.4,"GO:0150063","GO:BP","visual system development",42,19858,"GO:0048880",0.355139725486324
"set",FALSE,0.355139725486324,5,8,2,0.25,0.4,"GO:0007186","GO:BP","G protein-coupled receptor signaling pathway",42,2731,"GO:0007165",0.355139725486324
"set",FALSE,0.3639890144244,19,8,5,0.625,0.263157894736842,"GO:0048583","GO:BP","regulation of response to stimulus",42,12687,"GO:0050789,GO:0050896",0.3639890144244
"set",FALSE,0.418101528903896,10,8,3,0.375,0.3,"GO:0042127","GO:BP","regulation of cell population proliferation",42,9890,"GO:0008283,GO:0050794",0.418101528903896
"set",FALSE,0.418101528903896,10,8,3,0.375,0.3,"GO:0120036","GO:BP","plasma membrane bounded cell projection organization",42,19210,"GO:0030030",0.418101528903896
"set",FALSE,0.431953269112523,2,8,1,0.125,0.5,"GO:0006140","GO:BP","regulation of nucleotide metabolic process",42,1980,"GO:0009117,GO:0019219,GO:0019220,GO:0062012",0.431953269112523
"set",FALSE,0.431953269112523,2,8,1,0.125,0.5,"GO:0060173","GO:BP","limb development",42,14202,"GO:0048736",0.431953269112523
"set",FALSE,0.431953269112523,2,8,1,0.125,0.5,"GO:0032868","GO:BP","response to insulin",42,7808,"GO:0043434",0.431953269112523
"set",FALSE,0.431953269112523,2,8,1,0.125,0.5,"GO:1902806","GO:BP","regulation of cell cycle G1/S phase transition",42,22218,"GO:0044843,GO:1901987",0.431953269112523
"set",FALSE,0.431953269112523,2,8,1,0.125,0.5,"GO:0072073","GO:BP","kidney epithelium development",42,16873,"GO:0001822,GO:0060429",0.431953269112523
"set",FALSE,0.431953269112523,2,8,1,0.125,0.5,"GO:0022612","GO:BP","gland morphogenesis",42,6586,"GO:0009887,GO:0048732",0.431953269112523
"set",FALSE,0.431953269112523,2,8,1,0.125,0.5,"GO:0007623","GO:BP","circadian rhythm",42,3066,"GO:0048511",0.431953269112523
"set",FALSE,0.431953269112523,2,8,1,0.125,0.5,"GO:1902807","GO:BP","negative regulation of cell cycle G1/S phase transition",42,22219,"GO:0044843,GO:1901988,GO:1902806",0.431953269112523
"set",FALSE,0.431953269112523,2,8,1,0.125,0.5,"GO:0055086","GO:BP","nucleobase-containing small molecule metabolic process",42,14030,"GO:0006139,GO:0044281",0.431953269112523
"set",FALSE,0.431953269112523,2,8,1,0.125,0.5,"GO:0035264","GO:BP","multicellular organism growth",42,8863,"GO:0032501,GO:0048589",0.431953269112523
"set",FALSE,0.431953269112523,2,8,1,0.125,0.5,"GO:0072132","GO:BP","mesenchyme morphogenesis",42,16929,"GO:0009887,GO:0048729,GO:0060485",0.431953269112523
"set",FALSE,0.431953269112523,2,8,1,0.125,0.5,"GO:0001837","GO:BP","epithelial to mesenchymal transition",42,492,"GO:0048762",0.431953269112523
"set",FALSE,0.431953269112523,2,8,1,0.125,0.5,"GO:1903578","GO:BP","regulation of ATP metabolic process",42,22790,"GO:0046034,GO:1900542",0.431953269112523
"set",FALSE,0.431953269112523,2,8,1,0.125,0.5,"GO:1903580","GO:BP","positive regulation of ATP metabolic process",42,22792,"GO:0046034,GO:1900544,GO:1903578",0.431953269112523
"set",FALSE,0.431953269112523,2,8,1,0.125,0.5,"GO:0072163","GO:BP","mesonephric epithelium development",42,16960,"GO:0001823,GO:0072073",0.431953269112523
"set",FALSE,0.431953269112523,11,8,3,0.375,0.272727272727273,"GO:0022414","GO:BP","reproductive process",42,6573,"GO:0008150",0.431953269112523
"set",FALSE,0.431953269112523,2,8,1,0.125,0.5,"GO:0072164","GO:BP","mesonephric tubule development",42,16961,"GO:0035295,GO:0072163",0.431953269112523
"set",FALSE,0.431953269112523,2,8,1,0.125,0.5,"GO:0035148","GO:BP","tube formation",42,8780,"GO:0035239,GO:0048646",0.431953269112523
"set",FALSE,0.431953269112523,2,8,1,0.125,0.5,"GO:0120035","GO:BP","regulation of plasma membrane bounded cell projection organization",42,19209,"GO:0031344,GO:0120036",0.431953269112523
"set",FALSE,0.431953269112523,2,8,1,0.125,0.5,"GO:0033280","GO:BP","response to vitamin D",42,8053,"GO:0033273,GO:0033993,GO:1901700",0.431953269112523
"set",FALSE,0.431953269112523,2,8,1,0.125,0.5,"GO:0051701","GO:BP","biological process involved in interaction with host",42,13711,"GO:0044403",0.431953269112523
"set",FALSE,0.431953269112523,2,8,1,0.125,0.5,"GO:0033273","GO:BP","response to vitamin",42,8049,"GO:0007584",0.431953269112523
"set",FALSE,0.431953269112523,2,8,1,0.125,0.5,"GO:0072175","GO:BP","epithelial tube formation",42,16972,"GO:0035148,GO:0060562",0.431953269112523
"set",FALSE,0.431953269112523,2,8,1,0.125,0.5,"GO:0008645","GO:BP","hexose transmembrane transport",42,3208,"GO:0015749",0.431953269112523
"set",FALSE,0.431953269112523,2,8,1,0.125,0.5,"GO:0072521","GO:BP","purine-containing compound metabolic process",42,17189,"GO:0008152",0.431953269112523
"set",FALSE,0.431953269112523,2,8,1,0.125,0.5,"GO:0001823","GO:BP","mesonephros development",42,478,"GO:0001822",0.431953269112523
"set",FALSE,0.431953269112523,2,8,1,0.125,0.5,"GO:0072524","GO:BP","pyridine-containing compound metabolic process",42,17192,"GO:0008152",0.431953269112523
"set",FALSE,0.431953269112523,11,8,3,0.375,0.272727272727273,"GO:0008283","GO:BP","cell population proliferation",42,3136,"GO:0009987",0.431953269112523
"set",FALSE,0.431953269112523,2,8,1,0.125,0.5,"GO:0035113","GO:BP","embryonic appendage morphogenesis",42,8749,"GO:0035107,GO:0048598",0.431953269112523
"set",FALSE,0.431953269112523,2,8,1,0.125,0.5,"GO:0007584","GO:BP","response to nutrient",42,3032,"GO:0031667,GO:0042221",0.431953269112523
"set",FALSE,0.431953269112523,2,8,1,0.125,0.5,"GO:0035108","GO:BP","limb morphogenesis",42,8747,"GO:0035107,GO:0060173",0.431953269112523
"set",FALSE,0.431953269112523,2,8,1,0.125,0.5,"GO:0006163","GO:BP","purine nucleotide metabolic process",42,1993,"GO:0009117,GO:0072521",0.431953269112523
"set",FALSE,0.431953269112523,2,8,1,0.125,0.5,"GO:1901135","GO:BP","carbohydrate derivative metabolic process",42,20969,"GO:0008152",0.431953269112523
"set",FALSE,0.431953269112523,2,8,1,0.125,0.5,"GO:0006259","GO:BP","DNA metabolic process",42,2071,"GO:0090304",0.431953269112523
"set",FALSE,0.431953269112523,2,8,1,0.125,0.5,"GO:0061564","GO:BP","axon development",42,15345,"GO:0031175",0.431953269112523
"set",FALSE,0.431953269112523,2,8,1,0.125,0.5,"GO:0030326","GO:BP","embryonic limb morphogenesis",42,6738,"GO:0035108,GO:0035113",0.431953269112523
"set",FALSE,0.431953269112523,2,8,1,0.125,0.5,"GO:0034655","GO:BP","nucleobase-containing compound catabolic process",42,8646,"GO:0006139,GO:0009056",0.431953269112523
"set",FALSE,0.431953269112523,2,8,1,0.125,0.5,"GO:1901987","GO:BP","regulation of cell cycle phase transition",42,21632,"GO:0010564,GO:0044770",0.431953269112523
"set",FALSE,0.431953269112523,2,8,1,0.125,0.5,"GO:0097190","GO:BP","apoptotic signaling pathway",42,18294,"GO:0006915,GO:0007165",0.431953269112523
"set",FALSE,0.431953269112523,2,8,1,0.125,0.5,"GO:0030324","GO:BP","lung development",42,6736,"GO:0030323,GO:0048513,GO:0060541",0.431953269112523
"set",FALSE,0.431953269112523,6,8,2,0.25,0.333333333333333,"GO:0040011","GO:BP","locomotion",42,9808,"GO:0008150",0.431953269112523
"set",FALSE,0.431953269112523,2,8,1,0.125,0.5,"GO:1900544","GO:BP","positive regulation of purine nucleotide metabolic process",42,20459,"GO:0006163,GO:0045981,GO:1900542",0.431953269112523
"set",FALSE,0.431953269112523,2,8,1,0.125,0.5,"GO:1900542","GO:BP","regulation of purine nucleotide metabolic process",42,20457,"GO:0006140,GO:0006163",0.431953269112523
"set",FALSE,0.431953269112523,6,8,2,0.25,0.333333333333333,"GO:0065009","GO:BP","regulation of molecular function",42,15668,"GO:0065007",0.431953269112523
"set",FALSE,0.431953269112523,6,8,2,0.25,0.333333333333333,"GO:0040012","GO:BP","regulation of locomotion",42,9809,"GO:0040011,GO:0050789",0.431953269112523
"set",FALSE,0.431953269112523,2,8,1,0.125,0.5,"GO:1901988","GO:BP","negative regulation of cell cycle phase transition",42,21633,"GO:0010948,GO:0044770,GO:1901987",0.431953269112523
"set",FALSE,0.431953269112523,2,8,1,0.125,0.5,"GO:0006325","GO:BP","chromatin organization",42,2114,"GO:0016043",0.431953269112523
"set",FALSE,0.431953269112523,11,8,3,0.375,0.272727272727273,"GO:0030030","GO:BP","cell projection organization",42,6621,"GO:0016043",0.431953269112523
"set",FALSE,0.431953269112523,2,8,1,0.125,0.5,"GO:0001944","GO:BP","vasculature development",42,553,"GO:0048731,GO:0072359",0.431953269112523
"set",FALSE,0.431953269112523,2,8,1,0.125,0.5,"GO:0042063","GO:BP","gliogenesis",42,9858,"GO:0022008",0.431953269112523
"set",FALSE,0.431953269112523,2,8,1,0.125,0.5,"GO:0035019","GO:BP","somatic stem cell population maintenance",42,8697,"GO:0019827",0.431953269112523
"set",FALSE,0.431953269112523,2,8,1,0.125,0.5,"GO:0007498","GO:BP","mesoderm development",42,2970,"GO:0009888",0.431953269112523
"set",FALSE,0.431953269112523,2,8,1,0.125,0.5,"GO:0035107","GO:BP","appendage morphogenesis",42,8746,"GO:0009653,GO:0048736",0.431953269112523
"set",FALSE,0.431953269112523,2,8,1,0.125,0.5,"GO:0060326","GO:BP","cell chemotaxis",42,14329,"GO:0006935,GO:0016477,GO:0070887",0.431953269112523
"set",FALSE,0.431953269112523,2,8,1,0.125,0.5,"GO:0014823","GO:BP","response to activity",42,4681,"GO:0050896",0.431953269112523
"set",FALSE,0.431953269112523,2,8,1,0.125,0.5,"GO:0003007","GO:BP","heart morphogenesis",42,1456,"GO:0007507,GO:0009887",0.431953269112523
"set",FALSE,0.431953269112523,2,8,1,0.125,0.5,"GO:0030323","GO:BP","respiratory tube development",42,6735,"GO:0035295,GO:0048513",0.431953269112523
"set",FALSE,0.431953269112523,2,8,1,0.125,0.5,"GO:0033002","GO:BP","muscle cell proliferation",42,7914,"GO:0008283",0.431953269112523
"set",FALSE,0.431953269112523,2,8,1,0.125,0.5,"GO:0006753","GO:BP","nucleoside phosphate metabolic process",42,2442,"GO:0006796,GO:0019637,GO:0055086",0.431953269112523
"set",FALSE,0.431953269112523,2,8,1,0.125,0.5,"GO:0031344","GO:BP","regulation of cell projection organization",42,7096,"GO:0030030,GO:0051128",0.431953269112523
"set",FALSE,0.431953269112523,2,8,1,0.125,0.5,"GO:0001818","GO:BP","negative regulation of cytokine production",42,473,"GO:0001816,GO:0001817,GO:0010629,GO:0051241",0.431953269112523
"set",FALSE,0.431953269112523,2,8,1,0.125,0.5,"GO:0001657","GO:BP","ureteric bud development",42,369,"GO:0072164",0.431953269112523
"set",FALSE,0.431953269112523,2,8,1,0.125,0.5,"GO:0048339","GO:BP","paraxial mesoderm development",42,12509,"GO:0007498,GO:0060485",0.431953269112523
"set",FALSE,0.431953269112523,2,8,1,0.125,0.5,"GO:0010001","GO:BP","glial cell differentiation",42,3807,"GO:0030154,GO:0042063",0.431953269112523
"set",FALSE,0.431953269112523,2,8,1,0.125,0.5,"GO:0019058","GO:BP","viral life cycle",42,5525,"GO:0016032",0.431953269112523
"set",FALSE,0.431953269112523,2,8,1,0.125,0.5,"GO:0009952","GO:BP","anterior/posterior pattern specification",42,3775,"GO:0003002",0.431953269112523
"set",FALSE,0.431953269112523,2,8,1,0.125,0.5,"GO:0048511","GO:BP","rhythmic process",42,12629,"GO:0008150",0.431953269112523
"set",FALSE,0.431953269112523,2,8,1,0.125,0.5,"GO:0048514","GO:BP","blood vessel morphogenesis",42,12632,"GO:0001568,GO:0035239",0.431953269112523
"set",FALSE,0.431953269112523,2,8,1,0.125,0.5,"GO:2000027","GO:BP","regulation of animal organ morphogenesis",42,24953,"GO:0009887,GO:0022603",0.431953269112523
"set",FALSE,0.431953269112523,2,8,1,0.125,0.5,"GO:0019362","GO:BP","pyridine nucleotide metabolic process",42,5693,"GO:0009117,GO:0072524",0.431953269112523
"set",FALSE,0.431953269112523,2,8,1,0.125,0.5,"GO:0019637","GO:BP","organophosphate metabolic process",42,5929,"GO:0006793",0.431953269112523
"set",FALSE,0.431953269112523,2,8,1,0.125,0.5,"GO:0019693","GO:BP","ribose phosphate metabolic process",42,5978,"GO:0006796,GO:0019637,GO:1901135",0.431953269112523
"set",FALSE,0.431953269112523,11,8,3,0.375,0.272727272727273,"GO:0009887","GO:BP","animal organ morphogenesis",42,3732,"GO:0009653,GO:0048513",0.431953269112523
"set",FALSE,0.431953269112523,2,8,1,0.125,0.5,"GO:0048736","GO:BP","appendage development",42,12826,"GO:0007275,GO:0048856",0.431953269112523
"set",FALSE,0.431953269112523,2,8,1,0.125,0.5,"GO:0048762","GO:BP","mesenchymal cell differentiation",42,12846,"GO:0030154,GO:0060485",0.431953269112523
"set",FALSE,0.431953269112523,2,8,1,0.125,0.5,"GO:0001707","GO:BP","mesoderm formation",42,397,"GO:0001704,GO:0048332",0.431953269112523
"set",FALSE,0.431953269112523,2,8,1,0.125,0.5,"GO:0048854","GO:BP","brain morphogenesis",42,12929,"GO:0007420,GO:0009887",0.431953269112523
"set",FALSE,0.431953269112523,2,8,1,0.125,0.5,"GO:0009259","GO:BP","ribonucleotide metabolic process",42,3410,"GO:0009117,GO:0019693",0.431953269112523
"set",FALSE,0.431953269112523,2,8,1,0.125,0.5,"GO:0048332","GO:BP","mesoderm morphogenesis",42,12502,"GO:0007498,GO:0048729",0.431953269112523
"set",FALSE,0.431953269112523,2,8,1,0.125,0.5,"GO:0009205","GO:BP","purine ribonucleoside triphosphate metabolic process",42,3357,"GO:0009144,GO:0009199",0.431953269112523
"set",FALSE,0.431953269112523,2,8,1,0.125,0.5,"GO:0001649","GO:BP","osteoblast differentiation",42,365,"GO:0001503,GO:0030154",0.431953269112523
"set",FALSE,0.431953269112523,2,8,1,0.125,0.5,"GO:0046718","GO:BP","symbiont entry into host cell",42,12174,"GO:0019058,GO:0044409",0.431953269112523
"set",FALSE,0.431953269112523,2,8,1,0.125,0.5,"GO:0010975","GO:BP","regulation of neuron projection development",42,4531,"GO:0031175,GO:0120035",0.431953269112523
"set",FALSE,0.431953269112523,2,8,1,0.125,0.5,"GO:2001233","GO:BP","regulation of apoptotic signaling pathway",42,25968,"GO:0009966,GO:0042981,GO:0097190",0.431953269112523
"set",FALSE,0.431953269112523,2,8,1,0.125,0.5,"GO:0015749","GO:BP","monosaccharide transmembrane transport",42,4844,"GO:0034219",0.431953269112523
"set",FALSE,0.431953269112523,2,8,1,0.125,0.5,"GO:0016032","GO:BP","viral process",42,5047,"GO:0008150",0.431953269112523
"set",FALSE,0.431953269112523,6,8,2,0.25,0.333333333333333,"GO:0031667","GO:BP","response to nutrient levels",42,7231,"GO:0050896",0.431953269112523
"set",FALSE,0.431953269112523,2,8,1,0.125,0.5,"GO:0000902","GO:BP","cell morphogenesis",42,238,"GO:0009653",0.431953269112523
"set",FALSE,0.431953269112523,2,8,1,0.125,0.5,"GO:0045981","GO:BP","positive regulation of nucleotide metabolic process",42,11611,"GO:0006140,GO:0009117,GO:0045935,GO:0045937,GO:0062013",0.431953269112523
"set",FALSE,0.431953269112523,2,8,1,0.125,0.5,"GO:0044843","GO:BP","cell cycle G1/S phase transition",42,11039,"GO:0044770",0.431953269112523
"set",FALSE,0.431953269112523,2,8,1,0.125,0.5,"GO:0046034","GO:BP","ATP metabolic process",42,11649,"GO:0009150,GO:0009205",0.431953269112523
"set",FALSE,0.431953269112523,2,8,1,0.125,0.5,"GO:0044770","GO:BP","cell cycle phase transition",42,10999,"GO:0022402",0.431953269112523
"set",FALSE,0.431953269112523,2,8,1,0.125,0.5,"GO:0046323","GO:BP","D-glucose import",42,11893,"GO:1904659",0.431953269112523
"set",FALSE,0.431953269112523,2,8,1,0.125,0.5,"GO:0001501","GO:BP","skeletal system development",42,316,"GO:0048731",0.431953269112523
"set",FALSE,0.431953269112523,2,8,1,0.125,0.5,"GO:0044409","GO:BP","symbiont entry into host",42,10889,"GO:0051701",0.431953269112523
"set",FALSE,0.431953269112523,2,8,1,0.125,0.5,"GO:0044403","GO:BP","biological process involved in symbiotic interaction",42,10886,"GO:0044419",0.431953269112523
"set",FALSE,0.431953269112523,2,8,1,0.125,0.5,"GO:0046496","GO:BP","nicotinamide nucleotide metabolic process",42,12034,"GO:0019362",0.431953269112523
"set",FALSE,0.431953269112523,2,8,1,0.125,0.5,"GO:0016192","GO:BP","vesicle-mediated transport",42,5143,"GO:0006810,GO:0009987",0.431953269112523
"set",FALSE,0.431953269112523,2,8,1,0.125,0.5,"GO:0001525","GO:BP","angiogenesis",42,328,"GO:0048514,GO:0048646",0.431953269112523
"set",FALSE,0.431953269112523,2,8,1,0.125,0.5,"GO:0001568","GO:BP","blood vessel development",42,351,"GO:0001944,GO:0048856",0.431953269112523
"set",FALSE,0.431953269112523,2,8,1,0.125,0.5,"GO:0009199","GO:BP","ribonucleoside triphosphate metabolic process",42,3351,"GO:0009141",0.431953269112523
"set",FALSE,0.431953269112523,2,8,1,0.125,0.5,"GO:0009117","GO:BP","nucleotide metabolic process",42,3272,"GO:0006753",0.431953269112523
"set",FALSE,0.431953269112523,2,8,1,0.125,0.5,"GO:0051052","GO:BP","regulation of DNA metabolic process",42,13289,"GO:0006259,GO:0019219,GO:0060255",0.431953269112523
"set",FALSE,0.431953269112523,2,8,1,0.125,0.5,"GO:0051216","GO:BP","cartilage development",42,13393,"GO:0001501,GO:0048513,GO:0061448",0.431953269112523
"set",FALSE,0.431953269112523,2,8,1,0.125,0.5,"GO:0009144","GO:BP","purine nucleoside triphosphate metabolic process",42,3297,"GO:0009141",0.431953269112523
"set",FALSE,0.431953269112523,2,8,1,0.125,0.5,"GO:0050679","GO:BP","positive regulation of epithelial cell proliferation",42,13042,"GO:0008284,GO:0050673,GO:0050678",0.431953269112523
"set",FALSE,0.431953269112523,2,8,1,0.125,0.5,"GO:0009150","GO:BP","purine ribonucleotide metabolic process",42,3303,"GO:0006163,GO:0009259",0.431953269112523
"set",FALSE,0.431953269112523,6,8,2,0.25,0.333333333333333,"GO:0050673","GO:BP","epithelial cell proliferation",42,13036,"GO:0008283",0.431953269112523
"set",FALSE,0.431953269112523,2,8,1,0.125,0.5,"GO:0050680","GO:BP","negative regulation of epithelial cell proliferation",42,13043,"GO:0008285,GO:0050673,GO:0050678",0.431953269112523
"set",FALSE,0.431953269112523,2,8,1,0.125,0.5,"GO:0051054","GO:BP","positive regulation of DNA metabolic process",42,13291,"GO:0006259,GO:0010604,GO:0045935,GO:0051052",0.431953269112523
"set",FALSE,0.431953269112523,2,8,1,0.125,0.5,"GO:0009141","GO:BP","nucleoside triphosphate metabolic process",42,3294,"GO:0006753",0.431953269112523
"set",FALSE,0.431953269112523,31,8,7,0.875,0.225806451612903,"GO:0050896","GO:BP","response to stimulus",42,13167,"GO:0008150",0.431953269112523
"set",FALSE,0.431953269112523,2,8,1,0.125,0.5,"GO:1904659","GO:BP","D-glucose transmembrane transport",42,23621,"GO:0008645",0.431953269112523
"set",FALSE,0.431953269112523,2,8,1,0.125,0.5,"GO:0001714","GO:BP","endodermal cell fate specification",42,404,"GO:0001708,GO:0001711",0.431953269112523
"set",FALSE,0.431953269112523,2,8,1,0.125,0.5,"GO:0001764","GO:BP","neuron migration",42,428,"GO:0016477,GO:0048699",0.431953269112523
"set",FALSE,0.491588563369399,7,8,2,0.25,0.285714285714286,"GO:0034330","GO:BP","cell junction organization",42,8509,"GO:0016043",0.491588563369399
"set",FALSE,0.491588563369399,7,8,2,0.25,0.285714285714286,"GO:0051050","GO:BP","positive regulation of transport",42,13287,"GO:0006810,GO:0048518,GO:0051049",0.491588563369399
"set",FALSE,0.491588563369399,7,8,2,0.25,0.285714285714286,"GO:0098771","GO:BP","inorganic ion homeostasis",42,18637,"GO:0048878",0.491588563369399
"set",FALSE,0.491588563369399,7,8,2,0.25,0.285714285714286,"GO:0019538","GO:BP","protein metabolic process",42,5841,"GO:0043170,GO:0044238",0.491588563369399
"set",FALSE,0.491588563369399,7,8,2,0.25,0.285714285714286,"GO:0035239","GO:BP","tube morphogenesis",42,8855,"GO:0009653,GO:0035295",0.491588563369399
"set",FALSE,0.491588563369399,7,8,2,0.25,0.285714285714286,"GO:0044281","GO:BP","small molecule metabolic process",42,10850,"GO:0008152",0.491588563369399
"set",FALSE,0.491588563369399,7,8,2,0.25,0.285714285714286,"GO:0048870","GO:BP","cell motility",42,12944,"GO:0009987",0.491588563369399
"set",FALSE,0.491588563369399,7,8,2,0.25,0.285714285714286,"GO:0040008","GO:BP","regulation of growth",42,9805,"GO:0040007,GO:0050789",0.491588563369399
"set",FALSE,0.491588563369399,7,8,2,0.25,0.285714285714286,"GO:0002009","GO:BP","morphogenesis of an epithelium",42,610,"GO:0048729,GO:0060429",0.491588563369399
"set",FALSE,0.50620364435847,38,8,8,1,0.210526315789474,"GO:0065007","GO:BP","biological regulation",42,15666,"GO:0008150",0.50620364435847
"set",FALSE,0.550059508771428,3,8,1,0.125,0.333333333333333,"GO:0044087","GO:BP","regulation of cellular component biogenesis",42,10812,"GO:0044085,GO:0050794",0.550059508771428
"set",FALSE,0.550059508771428,3,8,1,0.125,0.333333333333333,"GO:0090090","GO:BP","negative regulation of canonical Wnt signaling pathway",42,17776,"GO:0030178,GO:0060070,GO:0060828",0.550059508771428
"set",FALSE,0.550059508771428,3,8,1,0.125,0.333333333333333,"GO:0006935","GO:BP","chemotaxis",42,2563,"GO:0042221,GO:0042330",0.550059508771428
"set",FALSE,0.550059508771428,3,8,1,0.125,0.333333333333333,"GO:0022409","GO:BP","positive regulation of cell-cell adhesion",42,6568,"GO:0022407,GO:0045785,GO:0098609",0.550059508771428
"set",FALSE,0.550059508771428,8,8,2,0.25,0.25,"GO:0008284","GO:BP","positive regulation of cell population proliferation",42,3137,"GO:0008283,GO:0042127,GO:0048522",0.550059508771428
"set",FALSE,0.550059508771428,8,8,2,0.25,0.25,"GO:0035295","GO:BP","tube development",42,8887,"GO:0007275,GO:0048856",0.550059508771428
"set",FALSE,0.550059508771428,8,8,2,0.25,0.25,"GO:0016055","GO:BP","Wnt signaling pathway",42,5063,"GO:0007166",0.550059508771428
"set",FALSE,0.550059508771428,3,8,1,0.125,0.333333333333333,"GO:0001711","GO:BP","endodermal cell fate commitment",42,401,"GO:0035987,GO:0060795",0.550059508771428
"set",FALSE,0.550059508771428,8,8,2,0.25,0.25,"GO:0051093","GO:BP","negative regulation of developmental process",42,13315,"GO:0032502,GO:0048519,GO:0050793",0.550059508771428
"set",FALSE,0.550059508771428,3,8,1,0.125,0.333333333333333,"GO:0022411","GO:BP","cellular component disassembly",42,6570,"GO:0016043",0.550059508771428
"set",FALSE,0.550059508771428,3,8,1,0.125,0.333333333333333,"GO:0046887","GO:BP","positive regulation of hormone secretion",42,12255,"GO:0010647,GO:0023056,GO:0046879,GO:0046883,GO:1903532",0.550059508771428
"set",FALSE,0.550059508771428,3,8,1,0.125,0.333333333333333,"GO:0050920","GO:BP","regulation of chemotaxis",42,13190,"GO:0006935,GO:0032101,GO:0040012",0.550059508771428
"set",FALSE,0.550059508771428,3,8,1,0.125,0.333333333333333,"GO:0055123","GO:BP","digestive system development",42,14055,"GO:0048731",0.550059508771428
"set",FALSE,0.550059508771428,3,8,1,0.125,0.333333333333333,"GO:0071375","GO:BP","cellular response to peptide hormone stimulus",42,16397,"GO:0032870,GO:0043434,GO:1901699,GO:1901701",0.550059508771428
"set",FALSE,0.550059508771428,3,8,1,0.125,0.333333333333333,"GO:0050921","GO:BP","positive regulation of chemotaxis",42,13191,"GO:0006935,GO:0032103,GO:0040017,GO:0050920",0.550059508771428
"set",FALSE,0.550059508771428,3,8,1,0.125,0.333333333333333,"GO:0032787","GO:BP","monocarboxylic acid metabolic process",42,7765,"GO:0019752",0.550059508771428
"set",FALSE,0.550059508771428,3,8,1,0.125,0.333333333333333,"GO:0009896","GO:BP","positive regulation of catabolic process",42,3741,"GO:0009056,GO:0009893,GO:0009894",0.550059508771428
"set",FALSE,0.550059508771428,3,8,1,0.125,0.333333333333333,"GO:0001701","GO:BP","in utero embryonic development",42,391,"GO:0043009",0.550059508771428
"set",FALSE,0.550059508771428,3,8,1,0.125,0.333333333333333,"GO:0007492","GO:BP","endoderm development",42,2964,"GO:0009888",0.550059508771428
"set",FALSE,0.550059508771428,3,8,1,0.125,0.333333333333333,"GO:0034219","GO:BP","carbohydrate transmembrane transport",42,8444,"GO:0008643,GO:0055085",0.550059508771428
"set",FALSE,0.550059508771428,3,8,1,0.125,0.333333333333333,"GO:0045785","GO:BP","positive regulation of cell adhesion",42,11455,"GO:0007155,GO:0030155,GO:0048522",0.550059508771428
"set",FALSE,0.550059508771428,8,8,2,0.25,0.25,"GO:0060429","GO:BP","epithelium development",42,14416,"GO:0009888",0.550059508771428
"set",FALSE,0.550059508771428,3,8,1,0.125,0.333333333333333,"GO:0060485","GO:BP","mesenchyme development",42,14468,"GO:0009888,GO:0048513",0.550059508771428
"set",FALSE,0.550059508771428,3,8,1,0.125,0.333333333333333,"GO:0045786","GO:BP","negative regulation of cell cycle",42,11456,"GO:0007049,GO:0048523,GO:0051726",0.550059508771428
"set",FALSE,0.550059508771428,3,8,1,0.125,0.333333333333333,"GO:0001817","GO:BP","regulation of cytokine production",42,472,"GO:0001816,GO:0010468,GO:0051239",0.550059508771428
"set",FALSE,0.550059508771428,3,8,1,0.125,0.333333333333333,"GO:0043009","GO:BP","chordate embryonic development",42,10384,"GO:0009792",0.550059508771428
"set",FALSE,0.550059508771428,3,8,1,0.125,0.333333333333333,"GO:0009611","GO:BP","response to wounding",42,3525,"GO:0006950",0.550059508771428
"set",FALSE,0.550059508771428,3,8,1,0.125,0.333333333333333,"GO:0031099","GO:BP","regeneration",42,6988,"GO:0048856",0.550059508771428
"set",FALSE,0.550059508771428,3,8,1,0.125,0.333333333333333,"GO:0060828","GO:BP","regulation of canonical Wnt signaling pathway",42,14761,"GO:0030111,GO:0060070",0.550059508771428
"set",FALSE,0.550059508771428,3,8,1,0.125,0.333333333333333,"GO:0036293","GO:BP","response to decreased oxygen levels",42,9457,"GO:0070482",0.550059508771428
"set",FALSE,0.550059508771428,3,8,1,0.125,0.333333333333333,"GO:0008643","GO:BP","carbohydrate transport",42,3207,"GO:0006810",0.550059508771428
"set",FALSE,0.550059508771428,3,8,1,0.125,0.333333333333333,"GO:1901888","GO:BP","regulation of cell junction assembly",42,21547,"GO:0034329,GO:0044087,GO:0051128",0.550059508771428
"set",FALSE,0.550059508771428,3,8,1,0.125,0.333333333333333,"GO:0042330","GO:BP","taxis",42,10003,"GO:0009605,GO:0040011",0.550059508771428
"set",FALSE,0.550059508771428,3,8,1,0.125,0.333333333333333,"GO:0061448","GO:BP","connective tissue development",42,15267,"GO:0009888",0.550059508771428
"set",FALSE,0.550059508771428,8,8,2,0.25,0.25,"GO:0048729","GO:BP","tissue morphogenesis",42,12819,"GO:0009653,GO:0009888",0.550059508771428
"set",FALSE,0.550059508771428,3,8,1,0.125,0.333333333333333,"GO:0062012","GO:BP","regulation of small molecule metabolic process",42,15559,"GO:0019222,GO:0044281",0.550059508771428
"set",FALSE,0.550059508771428,3,8,1,0.125,0.333333333333333,"GO:0062013","GO:BP","positive regulation of small molecule metabolic process",42,15560,"GO:0009893,GO:0044281,GO:0062012",0.550059508771428
"set",FALSE,0.550059508771428,3,8,1,0.125,0.333333333333333,"GO:0065003","GO:BP","protein-containing complex assembly",42,15663,"GO:0022607,GO:0043933",0.550059508771428
"set",FALSE,0.550059508771428,3,8,1,0.125,0.333333333333333,"GO:0010948","GO:BP","negative regulation of cell cycle process",42,4506,"GO:0010564,GO:0022402,GO:0045786",0.550059508771428
"set",FALSE,0.550059508771428,3,8,1,0.125,0.333333333333333,"GO:0035987","GO:BP","endodermal cell differentiation",42,9296,"GO:0001706,GO:0030154",0.550059508771428
"set",FALSE,0.550059508771428,3,8,1,0.125,0.333333333333333,"GO:0009792","GO:BP","embryo development ending in birth or egg hatching",42,3664,"GO:0009790",0.550059508771428
"set",FALSE,0.550059508771428,3,8,1,0.125,0.333333333333333,"GO:0070371","GO:BP","ERK1 and ERK2 cascade",42,15858,"GO:0000165",0.550059508771428
"set",FALSE,0.550059508771428,3,8,1,0.125,0.333333333333333,"GO:0070482","GO:BP","response to oxygen levels",42,15915,"GO:0009628",0.550059508771428
"set",FALSE,0.550059508771428,3,8,1,0.125,0.333333333333333,"GO:0001816","GO:BP","cytokine production",42,471,"GO:0010467,GO:0032501",0.550059508771428
"set",FALSE,0.550059508771428,3,8,1,0.125,0.333333333333333,"GO:0019752","GO:BP","carboxylic acid metabolic process",42,6004,"GO:0043436",0.550059508771428
"set",FALSE,0.550059508771428,13,8,3,0.375,0.230769230769231,"GO:0070887","GO:BP","cellular response to chemical stimulus",42,16130,"GO:0042221,GO:0051716",0.550059508771428
"set",FALSE,0.550059508771428,3,8,1,0.125,0.333333333333333,"GO:0001706","GO:BP","endoderm formation",42,396,"GO:0001704,GO:0007492",0.550059508771428
"set",FALSE,0.550059508771428,3,8,1,0.125,0.333333333333333,"GO:0030178","GO:BP","negative regulation of Wnt signaling pathway",42,6665,"GO:0009968,GO:0016055,GO:0030111",0.550059508771428
"set",FALSE,0.608191432647596,19,8,4,0.5,0.210526315789474,"GO:0048519","GO:BP","negative regulation of biological process",42,12635,"GO:0008150,GO:0050789",0.608191432647596
"set",FALSE,0.608191432647596,19,8,4,0.5,0.210526315789474,"GO:0048523","GO:BP","negative regulation of cellular process",42,12639,"GO:0009987,GO:0048519,GO:0050794",0.608191432647596
"set",FALSE,0.617473028526336,14,8,3,0.375,0.214285714285714,"GO:0048878","GO:BP","chemical homeostasis",42,12950,"GO:0042592",0.617473028526336
"set",FALSE,0.628992032332054,9,8,2,0.25,0.222222222222222,"GO:0050801","GO:BP","monoatomic ion homeostasis",42,13095,"GO:0048878",0.628992032332054
"set",FALSE,0.628992032332054,9,8,2,0.25,0.222222222222222,"GO:0055080","GO:BP","monoatomic cation homeostasis",42,14026,"GO:0050801",0.628992032332054
"set",FALSE,0.628992032332054,9,8,2,0.25,0.222222222222222,"GO:0048468","GO:BP","cell development",42,12602,"GO:0030154,GO:0048856,GO:0048869",0.628992032332054
"set",FALSE,0.628992032332054,9,8,2,0.25,0.222222222222222,"GO:0009725","GO:BP","response to hormone",42,3608,"GO:0009719,GO:0042221",0.628992032332054
"set",FALSE,0.628992032332054,9,8,2,0.25,0.222222222222222,"GO:0050877","GO:BP","nervous system process",42,13150,"GO:0003008",0.628992032332054
"set",FALSE,0.64792583384863,4,8,1,0.125,0.25,"GO:1903532","GO:BP","positive regulation of secretion by cell",42,22751,"GO:0032940,GO:0048522,GO:0051047,GO:1903530",0.64792583384863
"set",FALSE,0.64792583384863,4,8,1,0.125,0.25,"GO:1902652","GO:BP","secondary alcohol metabolic process",42,22113,"GO:0006066",0.64792583384863
"set",FALSE,0.64792583384863,4,8,1,0.125,0.25,"GO:0043010","GO:BP","camera-type eye development",42,10385,"GO:0001654",0.64792583384863
"set",FALSE,0.64792583384863,4,8,1,0.125,0.25,"GO:0061138","GO:BP","morphogenesis of a branching epithelium",42,15029,"GO:0001763,GO:0002009",0.64792583384863
"set",FALSE,0.64792583384863,4,8,1,0.125,0.25,"GO:0030155","GO:BP","regulation of cell adhesion",42,6655,"GO:0007155,GO:0050794",0.64792583384863
"set",FALSE,0.64792583384863,4,8,1,0.125,0.25,"GO:0071248","GO:BP","cellular response to metal ion",42,16279,"GO:0010038,GO:0070887",0.64792583384863
"set",FALSE,0.64792583384863,4,8,1,0.125,0.25,"GO:0030855","GO:BP","epithelial cell differentiation",42,6901,"GO:0030154,GO:0060429",0.64792583384863
"set",FALSE,0.64792583384863,4,8,1,0.125,0.25,"GO:0050886","GO:BP","endocrine process",42,13158,"GO:0003008",0.64792583384863
"set",FALSE,0.64792583384863,4,8,1,0.125,0.25,"GO:0032103","GO:BP","positive regulation of response to external stimulus",42,7320,"GO:0009605,GO:0032101,GO:0048584",0.64792583384863
"set",FALSE,0.64792583384863,4,8,1,0.125,0.25,"GO:0001763","GO:BP","morphogenesis of a branching structure",42,427,"GO:0009653,GO:0032501",0.64792583384863
"set",FALSE,0.64792583384863,4,8,1,0.125,0.25,"GO:0046883","GO:BP","regulation of hormone secretion",42,12251,"GO:0010646,GO:0010817,GO:0023051,GO:0046879,GO:1903530",0.64792583384863
"set",FALSE,0.64792583384863,4,8,1,0.125,0.25,"GO:0034762","GO:BP","regulation of transmembrane transport",42,8666,"GO:0050794,GO:0051049,GO:0055085",0.64792583384863
"set",FALSE,0.64792583384863,4,8,1,0.125,0.25,"GO:0051047","GO:BP","positive regulation of secretion",42,13284,"GO:0046903,GO:0051046,GO:0051050",0.64792583384863
"set",FALSE,0.64792583384863,4,8,1,0.125,0.25,"GO:0008285","GO:BP","negative regulation of cell population proliferation",42,3138,"GO:0008283,GO:0042127,GO:0048523",0.64792583384863
"set",FALSE,0.64792583384863,4,8,1,0.125,0.25,"GO:0022407","GO:BP","regulation of cell-cell adhesion",42,6566,"GO:0030155,GO:0098609",0.64792583384863
"set",FALSE,0.64792583384863,4,8,1,0.125,0.25,"GO:0019953","GO:BP","sexual reproduction",42,6041,"GO:0022414",0.64792583384863
"set",FALSE,0.660937719316493,35,8,7,0.875,0.2,"GO:0032501","GO:BP","multicellular organismal process",42,7557,"GO:0008150",0.660937719316493
"set",FALSE,0.685036661288266,10,8,2,0.25,0.2,"GO:0012501","GO:BP","programmed cell death",42,4551,"GO:0008219",0.685036661288266
"set",FALSE,0.685036661288266,10,8,2,0.25,0.2,"GO:0006996","GO:BP","organelle organization",42,2598,"GO:0016043",0.685036661288266
"set",FALSE,0.685036661288266,10,8,2,0.25,0.2,"GO:0008219","GO:BP","cell death",42,3132,"GO:0009987",0.685036661288266
"set",FALSE,0.685036661288266,10,8,2,0.25,0.2,"GO:0006915","GO:BP","apoptotic process",42,2553,"GO:0012501",0.685036661288266
"set",FALSE,0.685036661288266,10,8,2,0.25,0.2,"GO:0043067","GO:BP","regulation of programmed cell death",42,10418,"GO:0012501,GO:0050794",0.685036661288266
"set",FALSE,0.685036661288266,10,8,2,0.25,0.2,"GO:0051128","GO:BP","regulation of cellular component organization",42,13332,"GO:0016043,GO:0050794",0.685036661288266
"set",FALSE,0.685036661288266,10,8,2,0.25,0.2,"GO:0042981","GO:BP","regulation of apoptotic process",42,10372,"GO:0006915,GO:0043067",0.685036661288266
"set",FALSE,0.712604845375083,21,8,4,0.5,0.19047619047619,"GO:0042221","GO:BP","response to chemical",42,9956,"GO:0050896",0.712604845375083
"set",FALSE,0.714423457569259,5,8,1,0.125,0.2,"GO:0009894","GO:BP","regulation of catabolic process",42,3739,"GO:0009056,GO:0019222",0.714423457569259
"set",FALSE,0.714423457569259,5,8,1,0.125,0.2,"GO:1901699","GO:BP","cellular response to nitrogen compound",42,21370,"GO:0070887,GO:1901698",0.714423457569259
"set",FALSE,0.714423457569259,5,8,1,0.125,0.2,"GO:0032101","GO:BP","regulation of response to external stimulus",42,7318,"GO:0009605,GO:0048583",0.714423457569259
"set",FALSE,0.714423457569259,5,8,1,0.125,0.2,"GO:0010038","GO:BP","response to metal ion",42,3832,"GO:0042221",0.714423457569259
"set",FALSE,0.714423457569259,5,8,1,0.125,0.2,"GO:0051241","GO:BP","negative regulation of multicellular organismal process",42,13409,"GO:0032501,GO:0048519,GO:0051239",0.714423457569259
"set",FALSE,0.714423457569259,5,8,1,0.125,0.2,"GO:0032870","GO:BP","cellular response to hormone stimulus",42,7810,"GO:0009725,GO:0070887,GO:0071495",0.714423457569259
"set",FALSE,0.714423457569259,5,8,1,0.125,0.2,"GO:0009914","GO:BP","hormone transport",42,3755,"GO:0006810,GO:0010817",0.714423457569259
"set",FALSE,0.714423457569259,5,8,1,0.125,0.2,"GO:0023061","GO:BP","signal release",42,6612,"GO:0007267,GO:0032940",0.714423457569259
"set",FALSE,0.714423457569259,5,8,1,0.125,0.2,"GO:0007605","GO:BP","sensory perception of sound",42,3050,"GO:0050954",0.714423457569259
"set",FALSE,0.714423457569259,5,8,1,0.125,0.2,"GO:0046879","GO:BP","hormone secretion",42,12247,"GO:0009914,GO:0023061",0.714423457569259
"set",FALSE,0.714423457569259,5,8,1,0.125,0.2,"GO:0098657","GO:BP","import into cell",42,18564,"GO:0006810",0.714423457569259
"set",FALSE,0.714423457569259,5,8,1,0.125,0.2,"GO:0060562","GO:BP","epithelial tube morphogenesis",42,14534,"GO:0002009,GO:0035239",0.714423457569259
"set",FALSE,0.714423457569259,5,8,1,0.125,0.2,"GO:0008202","GO:BP","steroid metabolic process",42,3115,"GO:0006629",0.714423457569259
"set",FALSE,0.714423457569259,5,8,1,0.125,0.2,"GO:0044419","GO:BP","biological process involved in interspecies interaction between organisms",42,10892,"GO:0008150",0.714423457569259
"set",FALSE,0.714423457569259,5,8,1,0.125,0.2,"GO:0003018","GO:BP","vascular process in circulatory system",42,1467,"GO:0003013",0.714423457569259
"set",FALSE,0.714423457569259,5,8,1,0.125,0.2,"GO:0006066","GO:BP","alcohol metabolic process",42,1929,"GO:0044281",0.714423457569259
"set",FALSE,0.714423457569259,5,8,1,0.125,0.2,"GO:0015698","GO:BP","inorganic anion transport",42,4794,"GO:0006810",0.714423457569259
"set",FALSE,0.714423457569259,5,8,1,0.125,0.2,"GO:0034329","GO:BP","cell junction assembly",42,8508,"GO:0022607,GO:0034330",0.714423457569259
"set",FALSE,0.714423457569259,5,8,1,0.125,0.2,"GO:0003073","GO:BP","regulation of systemic arterial blood pressure",42,1522,"GO:0008217",0.714423457569259
"set",FALSE,0.714423457569259,5,8,1,0.125,0.2,"GO:0010629","GO:BP","negative regulation of gene expression",42,4258,"GO:0010467,GO:0010468,GO:0010558",0.714423457569259
"set",FALSE,0.714423457569259,5,8,1,0.125,0.2,"GO:1903530","GO:BP","regulation of secretion by cell",42,22749,"GO:0032940,GO:0050794,GO:0051046",0.714423457569259
"set",FALSE,0.714423457569259,5,8,1,0.125,0.2,"GO:0051046","GO:BP","regulation of secretion",42,13283,"GO:0046903,GO:0051049",0.714423457569259
"set",FALSE,0.714423457569259,5,8,1,0.125,0.2,"GO:0050954","GO:BP","sensory perception of mechanical stimulus",42,13224,"GO:0007600",0.714423457569259
"set",FALSE,0.728725114313196,11,8,2,0.25,0.181818181818182,"GO:0003013","GO:BP","circulatory system process",42,1462,"GO:0003008",0.728725114313196
"set",FALSE,0.728725114313196,11,8,2,0.25,0.181818181818182,"GO:0051049","GO:BP","regulation of transport",42,13286,"GO:0006810,GO:0032879",0.728725114313196
"set",FALSE,0.746167749376992,22,8,4,0.5,0.181818181818182,"GO:0071840","GO:BP","cellular component organization or biogenesis",42,16709,"GO:0009987",0.746167749376992
"set",FALSE,0.746167749376992,22,8,4,0.5,0.181818181818182,"GO:0016043","GO:BP","cellular component organization",42,5053,"GO:0071840",0.746167749376992
"set",FALSE,0.757051688524116,17,8,3,0.375,0.176470588235294,"GO:0042592","GO:BP","homeostatic process",42,10159,"GO:0008150",0.757051688524116
"set",FALSE,0.767286861424121,6,8,1,0.125,0.166666666666667,"GO:0009605","GO:BP","response to external stimulus",42,3519,"GO:0050896",0.767286861424121
"set",FALSE,0.767286861424121,6,8,1,0.125,0.166666666666667,"GO:0042593","GO:BP","glucose homeostasis",42,10160,"GO:0033500",0.767286861424121
"set",FALSE,0.767286861424121,6,8,1,0.125,0.166666666666667,"GO:0001822","GO:BP","kidney development",42,477,"GO:0048513,GO:0072001",0.767286861424121
"set",FALSE,0.767286861424121,6,8,1,0.125,0.166666666666667,"GO:0009056","GO:BP","catabolic process",42,3218,"GO:0008152",0.767286861424121
"set",FALSE,0.767286861424121,6,8,1,0.125,0.166666666666667,"GO:0009628","GO:BP","response to abiotic stimulus",42,3535,"GO:0050896",0.767286861424121
"set",FALSE,0.767286861424121,6,8,1,0.125,0.166666666666667,"GO:0008217","GO:BP","regulation of blood pressure",42,3130,"GO:0008015,GO:0065008",0.767286861424121
"set",FALSE,0.767286861424121,6,8,1,0.125,0.166666666666667,"GO:0009968","GO:BP","negative regulation of signal transduction",42,3791,"GO:0007165,GO:0009966,GO:0010648,GO:0023057,GO:0048585",0.767286861424121
"set",FALSE,0.767286861424121,6,8,1,0.125,0.166666666666667,"GO:0023057","GO:BP","negative regulation of signaling",42,6609,"GO:0023051,GO:0023052,GO:0048519",0.767286861424121
"set",FALSE,0.767286861424121,6,8,1,0.125,0.166666666666667,"GO:0070925","GO:BP","organelle assembly",42,16146,"GO:0006996,GO:0022607",0.767286861424121
"set",FALSE,0.767286861424121,6,8,1,0.125,0.166666666666667,"GO:0033500","GO:BP","carbohydrate homeostasis",42,8183,"GO:0048878",0.767286861424121
"set",FALSE,0.767286861424121,6,8,1,0.125,0.166666666666667,"GO:0072001","GO:BP","renal system development",42,16803,"GO:0048731",0.767286861424121
"set",FALSE,0.767286861424121,6,8,1,0.125,0.166666666666667,"GO:0140352","GO:BP","export from cell",42,19493,"GO:0006810,GO:0009987",0.767286861424121
"set",FALSE,0.767286861424121,6,8,1,0.125,0.166666666666667,"GO:0032940","GO:BP","secretion by cell",42,7869,"GO:0046903,GO:0140352",0.767286861424121
"set",FALSE,0.767286861424121,12,8,2,0.25,0.166666666666667,"GO:1901698","GO:BP","response to nitrogen compound",42,21369,"GO:0042221",0.767286861424121
"set",FALSE,0.767286861424121,6,8,1,0.125,0.166666666666667,"GO:0030031","GO:BP","cell projection assembly",42,6622,"GO:0022607,GO:0030030",0.767286861424121
"set",FALSE,0.767286861424121,6,8,1,0.125,0.166666666666667,"GO:0030111","GO:BP","regulation of Wnt signaling pathway",42,6648,"GO:0009966,GO:0016055",0.767286861424121
"set",FALSE,0.767286861424121,6,8,1,0.125,0.166666666666667,"GO:0046903","GO:BP","secretion",42,12263,"GO:0006810",0.767286861424121
"set",FALSE,0.767286861424121,6,8,1,0.125,0.166666666666667,"GO:0044057","GO:BP","regulation of system process",42,10796,"GO:0003008,GO:0051239",0.767286861424121
"set",FALSE,0.813935855765594,13,8,2,0.25,0.153846153846154,"GO:0044085","GO:BP","cellular component biogenesis",42,10811,"GO:0071840",0.813935855765594
"set",FALSE,0.813935855765594,13,8,2,0.25,0.153846153846154,"GO:0022607","GO:BP","cellular component assembly",42,6582,"GO:0016043,GO:0044085",0.813935855765594
"set",FALSE,0.813935855765594,13,8,2,0.25,0.153846153846154,"GO:0032879","GO:BP","regulation of localization",42,7819,"GO:0050789,GO:0051179",0.813935855765594
"set",FALSE,0.81707204203451,7,8,1,0.125,0.142857142857143,"GO:0010648","GO:BP","negative regulation of cell communication",42,4277,"GO:0007154,GO:0010646,GO:0048523",0.81707204203451
"set",FALSE,0.81707204203451,7,8,1,0.125,0.142857142857143,"GO:0007600","GO:BP","sensory perception",42,3045,"GO:0050877",0.81707204203451
"set",FALSE,0.81707204203451,7,8,1,0.125,0.142857142857143,"GO:0010817","GO:BP","regulation of hormone levels",42,4412,"GO:0065008",0.81707204203451
"set",FALSE,0.81707204203451,7,8,1,0.125,0.142857142857143,"GO:0007610","GO:BP","behavior",42,3053,"GO:0032501",0.81707204203451
"set",FALSE,0.81707204203451,7,8,1,0.125,0.142857142857143,"GO:0006629","GO:BP","lipid metabolic process",42,2334,"GO:0044238",0.81707204203451
"set",FALSE,0.81707204203451,7,8,1,0.125,0.142857142857143,"GO:0031016","GO:BP","pancreas development",42,6956,"GO:0048513",0.81707204203451
"set",FALSE,0.858392321865348,8,8,1,0.125,0.125,"GO:0098609","GO:BP","cell-cell adhesion",42,18556,"GO:0007155",0.858392321865348
"set",FALSE,0.858392321865348,8,8,1,0.125,0.125,"GO:0007267","GO:BP","cell-cell signaling",42,2781,"GO:0007154,GO:0023052",0.858392321865348
"set",FALSE,0.858392321865348,8,8,1,0.125,0.125,"GO:0007155","GO:BP","cell adhesion",42,2706,"GO:0009987",0.858392321865348
"set",FALSE,0.858392321865348,8,8,1,0.125,0.125,"GO:0033993","GO:BP","response to lipid",42,8310,"GO:0042221",0.858392321865348
"set",FALSE,0.858392321865348,8,8,1,0.125,0.125,"GO:0048585","GO:BP","negative regulation of response to stimulus",42,12689,"GO:0048519,GO:0048583,GO:0050896",0.858392321865348
"set",FALSE,0.879814697930872,15,8,2,0.25,0.133333333333333,"GO:1901700","GO:BP","response to oxygen-containing compound",42,21371,"GO:0042221",0.879814697930872
"set",FALSE,0.891617232055846,21,8,3,0.375,0.142857142857143,"GO:0003008","GO:BP","system process",42,1457,"GO:0032501",0.891617232055846
"set",FALSE,0.891889706101802,9,8,1,0.125,0.111111111111111,"GO:1901701","GO:BP","cellular response to oxygen-containing compound",42,21372,"GO:0070887,GO:1901700",0.891889706101802
"set",FALSE,0.918511685233528,10,8,1,0.125,0.1,"GO:0008015","GO:BP","blood circulation",42,3082,"GO:0003013",0.918511685233528
"set",FALSE,0.918511685233528,10,8,1,0.125,0.1,"GO:0006950","GO:BP","response to stress",42,2571,"GO:0050896",0.918511685233528
"set",FALSE,0.939852839476012,11,8,1,0.125,0.0909090909090909,"GO:0055085","GO:BP","transmembrane transport",42,14029,"GO:0006810,GO:0009987",0.939852839476012
"set",FALSE,0.946601244884032,18,8,2,0.25,0.111111111111111,"GO:0065008","GO:BP","regulation of biological quality",42,15667,"GO:0065007",0.946601244884032
"set",FALSE,0.973009296129154,20,8,2,0.25,0.1,"GO:0006810","GO:BP","transport",42,2482,"GO:0051234",0.973009296129154
"set",FALSE,0.981078726810434,21,8,2,0.25,0.0952380952380952,"GO:0051234","GO:BP","establishment of localization",42,13403,"GO:0051179",0.981078726810434
"set",FALSE,0.998042585804877,25,8,2,0.25,0.08,"GO:0051179","GO:BP","localization",42,13378,"GO:0008150",0.998042585804877
"set",FALSE,1,42,8,8,1,0.19047619047619,"GO:0009987","GO:BP","cellular process",42,3796,"GO:0008150",1
"set",FALSE,1,42,8,8,1,0.19047619047619,"GO:0008150","GO:BP","biological_process",42,3110,"",1
